Dataset,Fold,Model,AUC,Fit_Time_s,Predict_Time_s,Per_Row_Predict_ms,Credit_Cost_Per_Applicant,Churn_Profit_Per_Customer
credit-g,0,TabPFN (v2),0.7911904761904761,0.25905532800004494,0.7417150379999953,3.7085751899999764,0.56,
credit-g,0,CatBoost (Default),0.7904761904761906,2.7930760010000313,0.004350718000011966,0.02175359000005983,0.55,
credit-g,0,CatBoost (Tuned),0.7866666666666667,49.84994832899997,0.002781509999977061,0.013907549999885305,0.555,
credit-g,0,XGBoost (Default),0.7891666666666666,0.10982975600001055,0.0014505440000220915,0.0072527200001104575,0.56,
credit-g,0,XGBoost (Tuned),0.7915476190476189,1.3269613490000438,0.00145211599999584,0.0072605799999792,0.605,
credit-g,0,LightGBM (Default),0.7780952380952382,0.1106037260000221,0.006309603000033803,0.031548015000169016,0.54,
credit-g,0,LightGBM (Tuned),0.7539285714285715,1.7180030360000274,0.007416814999999133,0.037084074999995664,0.6,
credit-g,0,Random Forest,0.7825595238095236,0.2852675699999736,0.0341024000000516,0.170512000000258,,
credit-g,0,Logistic Regression,0.7749999999999999,0.023550231999990956,0.0008382110000297871,0.0041910550001489355,,
credit-g,1,TabPFN (v2),0.7716666666666666,0.3208605739999939,0.6551983829999699,3.2759919149998495,0.61,
credit-g,1,CatBoost (Default),0.7504761904761905,2.8254458179999915,0.0030914040000311616,0.01545702000015581,0.695,
credit-g,1,CatBoost (Tuned),0.748452380952381,37.11753610300002,0.0024476309999954537,0.012238154999977269,0.65,
credit-g,1,XGBoost (Default),0.7428571428571429,0.055261449999989054,0.0010902009999540496,0.005451004999770248,0.625,
credit-g,1,XGBoost (Tuned),0.7678571428571428,1.0850349429999824,0.0010396750000154498,0.005198375000077249,0.575,
credit-g,1,LightGBM (Default),0.7411904761904762,0.08910848900001156,0.005797905999997965,0.028989529999989827,0.67,
credit-g,1,LightGBM (Tuned),0.7305952380952381,0.8968728380000357,0.0051881549999848176,0.025940774999924088,0.64,
credit-g,1,Random Forest,0.7800595238095238,0.278842338000004,0.03443402499999593,0.17217012499997963,,
credit-g,1,Logistic Regression,0.7528571428571428,0.014184353999951327,0.00039641500001152963,0.001982075000057648,,
credit-g,2,TabPFN (v2),0.7883333333333333,0.22406764699996984,0.6142241809999973,3.0711209049999866,0.54,
credit-g,2,CatBoost (Default),0.7739285714285714,2.793049063000012,0.003100475000053393,0.015502375000266966,0.52,
credit-g,2,CatBoost (Tuned),0.790952380952381,42.153476367999986,0.002370175000010022,0.01185087500005011,0.505,
credit-g,2,XGBoost (Default),0.7596428571428571,0.05122894900000574,0.0011877649999405548,0.005938824999702774,0.54,
credit-g,2,XGBoost (Tuned),0.7851190476190476,1.5829764070000465,0.0017664629999671888,0.008832314999835944,0.52,
credit-g,2,LightGBM (Default),0.7394047619047619,0.09550215000001572,0.005844931999945402,0.02922465999972701,0.555,
credit-g,2,LightGBM (Tuned),0.7595238095238096,1.1089537650000239,0.005512740000085614,0.02756370000042807,0.625,
credit-g,2,Random Forest,0.7613095238095239,0.28390027900002224,0.03388020099998812,0.1694010049999406,,
credit-g,2,Logistic Regression,0.7954761904761904,0.016701934000025176,0.00031923100004860316,0.0015961550002430158,,
credit-g,3,TabPFN (v2),0.8246428571428571,0.33857645499995215,0.6514393559999689,3.2571967799998447,0.475,
credit-g,3,CatBoost (Default),0.8269047619047618,2.6877733779999744,0.0031289680000554654,0.015644840000277327,0.44,
credit-g,3,CatBoost (Tuned),0.8419047619047619,35.13641315799998,0.0021354850000534498,0.010677425000267249,0.375,
credit-g,3,XGBoost (Default),0.7910714285714286,0.0615753050000194,0.001190790000009656,0.00595395000004828,0.56,
credit-g,3,XGBoost (Tuned),0.8201190476190476,1.3585987240001032,0.0013526080000474394,0.006763040000237197,0.485,
credit-g,3,LightGBM (Default),0.8020238095238095,0.08518888599996899,0.006116925000014817,0.030584625000074084,0.535,
credit-g,3,LightGBM (Tuned),0.8260714285714286,1.1590184970000337,0.006958857000086027,0.034794285000430136,0.485,
credit-g,3,Random Forest,0.8147619047619048,0.2731764850000218,0.034416579999970054,0.17208289999985027,,
credit-g,3,Logistic Regression,0.8061904761904761,0.015104081999993468,0.0003722129999914614,0.001861064999957307,,
credit-g,4,TabPFN (v2),0.7882142857142858,0.29726927399997294,0.6343118590000358,3.171559295000179,0.575,
credit-g,4,CatBoost (Default),0.7917857142857142,2.704351246999977,0.003217793999965579,0.016088969999827896,0.455,
credit-g,4,CatBoost (Tuned),0.7740476190476191,41.595012397000005,0.0023727929999495245,0.011863964999747623,0.56,
credit-g,4,XGBoost (Default),0.7934523809523809,0.056653576000030625,0.0011990049999894836,0.005995024999947418,0.55,
credit-g,4,XGBoost (Tuned),0.78,1.565574760000004,0.0012661109999498876,0.006330554999749438,0.535,
credit-g,4,LightGBM (Default),0.7730952380952381,0.1010939849999204,0.006116589000043859,0.030582945000219297,0.61,
credit-g,4,LightGBM (Tuned),0.7794047619047619,1.1416592900000069,0.00611460300001454,0.030573015000072704,0.54,
credit-g,4,Random Forest,0.7673214285714285,0.30018258999996306,0.03577229699999407,0.17886148499997034,,
credit-g,4,Logistic Regression,0.800952380952381,0.016914815000063754,0.0003388940000377261,0.0016944700001886304,,
credit-g,5,TabPFN (v2),0.7653571428571428,0.23696355099991706,0.6654093509999939,3.3270467549999694,0.545,
credit-g,5,CatBoost (Default),0.7645238095238095,2.70928725400006,0.0030997640000123283,0.015498820000061643,0.635,
credit-g,5,CatBoost (Tuned),0.733095238095238,40.779636603000085,0.002632075999940753,0.013160379999703764,0.615,
credit-g,5,XGBoost (Default),0.763095238095238,0.06006748400000106,0.0010658899999498317,0.0053294499997491585,0.54,
credit-g,5,XGBoost (Tuned),0.7733333333333333,1.2514938250000114,0.001001945999973941,0.005009729999869705,0.61,
credit-g,5,LightGBM (Default),0.7532142857142857,0.09184678899998744,0.005472987000075591,0.027364935000377955,0.55,
credit-g,5,LightGBM (Tuned),0.7669047619047619,1.1812815829999863,0.005366337999930693,0.026831689999653463,0.58,
credit-g,5,Random Forest,0.7711904761904762,0.2655031269999881,0.03456319099996108,0.1728159549998054,,
credit-g,5,Logistic Regression,0.768452380952381,0.014638644999990902,0.0003496350000204984,0.001748175000102492,,
credit-g,6,TabPFN (v2),0.8138095238095238,0.22083133599994653,0.6498901989999695,3.2494509949998474,0.52,
credit-g,6,CatBoost (Default),0.7971428571428573,2.637952794000057,0.003157968999971672,0.01578984499985836,0.59,
credit-g,6,CatBoost (Tuned),0.799404761904762,39.58684677800011,0.0023926090000259137,0.011963045000129569,0.595,
credit-g,6,XGBoost (Default),0.8195238095238095,0.05408459800003129,0.0011906670000598751,0.005953335000299376,0.48,
credit-g,6,XGBoost (Tuned),0.8233333333333333,1.4878210570000192,0.0013602760000139824,0.006801380000069912,0.51,
credit-g,6,LightGBM (Default),0.8079761904761905,0.09038457799999833,0.005925546000071336,0.029627730000356678,0.55,
credit-g,6,LightGBM (Tuned),0.8191666666666666,1.226742733999913,0.00526370800002951,0.02631854000014755,0.525,
credit-g,6,Random Forest,0.7825,0.2768130309999606,0.034252311000045665,0.17126155500022833,,
credit-g,6,Logistic Regression,0.808452380952381,0.015463657999930547,0.0003310969999574809,0.0016554849997874044,,
credit-g,7,TabPFN (v2),0.825595238095238,0.2552165199999763,0.6617959540000129,3.3089797700000645,0.57,
credit-g,7,CatBoost (Default),0.838452380952381,2.7185795070000722,0.0031658979999065195,0.015829489999532598,0.515,
credit-g,7,CatBoost (Tuned),0.8298809523809524,39.46547021900005,0.0026252729999214353,0.013126364999607176,0.535,
credit-g,7,XGBoost (Default),0.8114285714285714,0.05247663200009356,0.0010515889999851424,0.005257944999925712,0.625,
credit-g,7,XGBoost (Tuned),0.8063690476190476,1.2093449760000112,0.0009244169999647056,0.004622084999823528,0.605,
credit-g,7,LightGBM (Default),0.8263095238095237,0.08643629000005149,0.006531558000006044,0.03265779000003022,0.535,
credit-g,7,LightGBM (Tuned),0.8229761904761905,1.2828768299999638,0.006211188999941442,0.031055944999707208,0.535,
credit-g,7,Random Forest,0.803392857142857,0.2656380450000597,0.03443899599994893,0.17219497999974465,,
credit-g,7,Logistic Regression,0.8194047619047619,0.015133264999917628,0.00032983099993089127,0.0016491549996544563,,
credit-g,8,TabPFN (v2),0.8008333333333334,0.2748411869999927,0.6563267379999616,3.2816336899998078,0.49,
credit-g,8,CatBoost (Default),0.8101190476190476,2.7609480760000906,0.0032867889999579347,0.016433944999789674,0.43,
credit-g,8,CatBoost (Tuned),0.7976190476190477,58.534518054000046,0.0026740939999854163,0.013370469999927082,0.535,
credit-g,8,XGBoost (Default),0.7879761904761905,0.05140530099993157,0.001054777000035756,0.00527388500017878,0.5,
credit-g,8,XGBoost (Tuned),0.7917857142857144,1.4267813550000028,0.0010333059999538818,0.005166529999769409,0.52,
credit-g,8,LightGBM (Default),0.7970238095238096,0.09660650800003623,0.005621916999984933,0.028109584999924664,0.485,
credit-g,8,LightGBM (Tuned),0.7994047619047618,1.1595261669999672,0.005682398999965699,0.028411994999828494,0.51,
credit-g,8,Random Forest,0.8097619047619048,0.2709111369999846,0.036158706000037455,0.18079353000018727,,
credit-g,8,Logistic Regression,0.780595238095238,0.015765200000032564,0.0003145190000850562,0.0015725950004252809,,
credit-g,9,TabPFN (v2),0.7498809523809523,0.27639457800000855,0.6865666820000342,3.432833410000171,0.61,
credit-g,9,CatBoost (Default),0.7335714285714288,2.7605169990000604,0.0030976399999644855,0.015488199999822427,0.69,
credit-g,9,CatBoost (Tuned),0.7297619047619048,54.24664551600006,0.0027289329999575784,0.013644664999787892,0.63,
credit-g,9,XGBoost (Default),0.7214285714285714,0.05273930000009841,0.0011302620000606112,0.005651310000303056,0.665,
credit-g,9,XGBoost (Tuned),0.7527380952380952,1.350530238000033,0.0009409409999534546,0.004704704999767273,0.595,
credit-g,9,LightGBM (Default),0.7117857142857142,0.08476813599997968,0.005897329000049467,0.029486645000247336,0.67,
credit-g,9,LightGBM (Tuned),0.7155952380952382,0.9713095719999956,0.005778279000082875,0.028891395000414377,0.645,
credit-g,9,Random Forest,0.7376190476190476,0.26896339199993236,0.03503626299993812,0.17518131499969058,,
credit-g,9,Logistic Regression,0.7266666666666668,0.015125329999932546,0.0003265249999913067,0.0016326249999565334,,
credit-g,10,TabPFN (v2),0.7872619047619048,0.3356421660000706,0.6511443169999893,3.2557215849999466,0.61,
credit-g,10,CatBoost (Default),0.7910714285714285,2.749070721999942,0.003441771999973753,0.017208859999868764,0.56,
credit-g,10,CatBoost (Tuned),0.7814285714285715,52.71093784099992,0.002423912000040218,0.01211956000020109,0.6,
credit-g,10,XGBoost (Default),0.741904761904762,0.05250132800006213,0.0010767070000383683,0.005383535000191841,0.615,
credit-g,10,XGBoost (Tuned),0.738095238095238,1.5871790740000051,0.0010079720000248926,0.005039860000124463,0.79,
credit-g,10,LightGBM (Default),0.7578571428571428,0.08465119300001334,0.005546061000018199,0.027730305000090993,0.665,
credit-g,10,LightGBM (Tuned),0.7316666666666667,1.1528992060000292,0.005844960999979776,0.02922480499989888,0.68,
credit-g,10,Random Forest,0.7676785714285714,0.26016814400009025,0.03386630600004992,0.16933153000024959,,
credit-g,10,Logistic Regression,0.7733333333333333,0.01498492799998985,0.00031638699999803066,0.0015819349999901533,,
credit-g,11,TabPFN (v2),0.7714285714285714,0.2539614329999722,0.6535287990000143,3.2676439950000713,0.54,
credit-g,11,CatBoost (Default),0.7589285714285715,2.7508573689999594,0.0031789079999953174,0.015894539999976587,0.645,
credit-g,11,CatBoost (Tuned),0.7598809523809524,36.63495448599997,0.0024375660000259813,0.012187830000129907,0.625,
credit-g,11,XGBoost (Default),0.7364285714285715,0.0497858929998074,0.0010076189998926566,0.005038094999463283,0.56,
credit-g,11,XGBoost (Tuned),0.726547619047619,1.1669511529999,0.0030594309998832614,0.015297154999416307,0.575,
credit-g,11,LightGBM (Default),0.7286904761904761,0.08308632900002522,0.005722429000115881,0.028612145000579403,0.615,
credit-g,11,LightGBM (Tuned),0.7388095238095238,1.1562136459999692,0.004954945000008593,0.024774725000042963,0.595,
credit-g,11,Random Forest,0.7811309523809524,0.2685433850001573,0.03555178999999953,0.17775894999999764,,
credit-g,11,Logistic Regression,0.763452380952381,0.016241075999914756,0.00029800299989801715,0.0014900149994900858,,
credit-g,12,TabPFN (v2),0.7703571428571429,0.25767262499994104,0.6468632730000081,3.2343163650000406,0.67,
credit-g,12,CatBoost (Default),0.7784523809523809,2.760293203999936,0.003847040999971796,0.01923520499985898,0.665,
credit-g,12,CatBoost (Tuned),0.7772619047619047,40.540834172999894,0.002227518000154305,0.011137590000771525,0.57,
credit-g,12,XGBoost (Default),0.76,0.06228581400000621,0.001146666999829904,0.00573333499914952,0.525,
credit-g,12,XGBoost (Tuned),0.7594047619047619,1.4132671030001802,0.0014662569999472908,0.007331284999736454,0.62,
credit-g,12,LightGBM (Default),0.7633333333333334,0.08632262700007232,0.0067549079999480455,0.03377453999974023,0.645,
credit-g,12,LightGBM (Tuned),0.7711904761904762,1.0444443999999748,0.006350226999984443,0.031751134999922215,0.585,
credit-g,12,Random Forest,0.7723214285714287,0.2898553529998935,0.034138875000053304,0.17069437500026652,,
credit-g,12,Logistic Regression,0.7417857142857143,0.01835572699997101,0.0004208549999020761,0.0021042749995103804,,
credit-g,13,TabPFN (v2),0.8422619047619048,0.271083858999873,0.6666733900001418,3.333366950000709,0.505,
credit-g,13,CatBoost (Default),0.8386904761904762,3.0034937779998927,0.0034011269999609794,0.017005634999804897,0.515,
credit-g,13,CatBoost (Tuned),0.8204761904761905,48.45849503599993,0.0028650159999870084,0.014325079999935042,0.555,
credit-g,13,XGBoost (Default),0.8114285714285715,0.06030489599993416,0.001338899000074889,0.006694495000374445,0.555,
credit-g,13,XGBoost (Tuned),0.815952380952381,1.5369502840001132,0.0010821260000284383,0.005410630000142191,0.555,
credit-g,13,LightGBM (Default),0.8196428571428571,0.08783952499993575,0.00840089099983743,0.042004454999187146,0.6,
credit-g,13,LightGBM (Tuned),0.8479761904761905,1.1870237929999803,0.00549368199995115,0.02746840999975575,0.545,
credit-g,13,Random Forest,0.8237500000000001,0.2864108479998322,0.035504605999904015,0.17752302999952008,,
credit-g,13,Logistic Regression,0.8403571428571429,0.01810558800002582,0.0003823429999556538,0.0019117149997782688,,
credit-g,14,TabPFN (v2),0.7332142857142857,0.2775071720000142,0.666512202000149,3.3325610100007452,0.64,
credit-g,14,CatBoost (Default),0.7278571428571429,2.8839716410000165,0.003389974000128859,0.016949870000644296,0.675,
credit-g,14,CatBoost (Tuned),0.7441666666666666,43.88816175900001,0.0025649449999036733,0.012824724999518367,0.645,
credit-g,14,XGBoost (Default),0.7322619047619049,0.057508413000050496,0.0011382820000562788,0.005691410000281394,0.7,
credit-g,14,XGBoost (Tuned),0.7394047619047619,1.398989505000145,0.0011690439998801594,0.005845219999400797,0.81,
credit-g,14,LightGBM (Default),0.7508333333333334,0.0941822750000938,0.0064145799999550945,0.03207289999977547,0.79,
credit-g,14,LightGBM (Tuned),0.7403571428571428,1.37946397099995,0.005846852000104263,0.029234260000521317,0.905,
credit-g,14,Random Forest,0.7473214285714287,0.292442544999858,0.034503992999816546,0.17251996499908273,,
credit-g,14,Logistic Regression,0.7566666666666666,0.016848391999928936,0.0003687860000809451,0.0018439300004047254,,
credit-g,15,TabPFN (v2),0.8303571428571428,0.28590800100005254,0.6580868589999227,3.2904342949996135,0.425,
credit-g,15,CatBoost (Default),0.8327380952380952,2.9268102789999375,0.0032891539999582164,0.016445769999791082,0.43,
credit-g,15,CatBoost (Tuned),0.8248809523809524,37.99060951399997,0.0025783219998629647,0.012891609999314824,0.545,
credit-g,15,XGBoost (Default),0.8227380952380953,0.05287256600013279,0.0010879620001560397,0.005439810000780199,0.46,
credit-g,15,XGBoost (Tuned),0.8455952380952381,1.7375954529998126,0.0015057880000313162,0.007528940000156581,0.475,
credit-g,15,LightGBM (Default),0.7952380952380952,0.09876374100008434,0.00614044499980082,0.0307022249990041,0.585,
credit-g,15,LightGBM (Tuned),0.8182142857142857,0.9957510550000279,0.005433069999980944,0.02716534999990472,0.545,
credit-g,15,Random Forest,0.856845238095238,0.27495599100006984,0.03528962800010049,0.17644814000050246,,
credit-g,15,Logistic Regression,0.8240476190476191,0.01599635999991733,0.000375311999960104,0.00187655999980052,,
credit-g,16,TabPFN (v2),0.8027380952380953,0.3277602820000993,0.664657828000145,3.3232891400007247,0.515,
credit-g,16,CatBoost (Default),0.8020238095238095,2.753532522000114,0.0030778929999542015,0.015389464999771006,0.52,
credit-g,16,CatBoost (Tuned),0.8010714285714285,37.17524330800006,0.002690193000034924,0.01345096500017462,0.545,
credit-g,16,XGBoost (Default),0.8098809523809525,0.10535752000009779,0.0012334640000517538,0.006167320000258769,0.56,
credit-g,16,XGBoost (Tuned),0.8033333333333333,1.402557397999999,0.0011983409999629657,0.005991704999814829,0.495,
credit-g,16,LightGBM (Default),0.7959523809523809,0.08371166400002039,0.006282027999986894,0.03141013999993447,0.57,
credit-g,16,LightGBM (Tuned),0.8069047619047619,1.101778915000068,0.006824186999892845,0.034120934999464225,0.535,
credit-g,16,Random Forest,0.8048214285714286,0.29590370999994775,0.03435481000019536,0.17177405000097679,,
credit-g,16,Logistic Regression,0.8028571428571428,0.017877942000041003,0.0003585009999369504,0.001792504999684752,,
credit-g,17,TabPFN (v2),0.7361904761904762,0.2519627499998478,0.6600701100001061,3.3003505500005303,0.63,
credit-g,17,CatBoost (Default),0.7367857142857143,2.8030591169999752,0.0033592709999084036,0.016796354999542018,0.665,
credit-g,17,CatBoost (Tuned),0.7420238095238095,39.174862404999885,0.002936675999990257,0.014683379999951285,0.605,
credit-g,17,XGBoost (Default),0.7197619047619047,0.05509405899988451,0.0012130689999594324,0.006065344999797162,0.66,
credit-g,17,XGBoost (Tuned),0.7274999999999999,1.4789739969999118,0.0011455320000095526,0.005727660000047763,0.715,
credit-g,17,LightGBM (Default),0.7004761904761905,0.10387921699998515,0.0067635089999384945,0.03381754499969247,0.7,
credit-g,17,LightGBM (Tuned),0.7238095238095238,1.1970919850000428,0.005944818999978452,0.02972409499989226,0.62,
credit-g,17,Random Forest,0.74375,0.27841971600014404,0.034066839999923104,0.17033419999961552,,
credit-g,17,Logistic Regression,0.7021428571428572,0.015312073999893983,0.00033590099997127254,0.0016795049998563627,,
credit-g,18,TabPFN (v2),0.809047619047619,0.27852913199990326,0.6616151109999464,3.308075554999732,0.475,
credit-g,18,CatBoost (Default),0.7958333333333333,2.807423591000088,0.0032684830000562215,0.016342415000281107,0.58,
credit-g,18,CatBoost (Tuned),0.7825,44.807955042,0.0025376710000273306,0.012688355000136653,0.54,
credit-g,18,XGBoost (Default),0.7889285714285714,0.0591954460001034,0.0011652069999854575,0.005826034999927288,0.58,
credit-g,18,XGBoost (Tuned),0.8002380952380951,1.6742857990000175,0.0011953590001212433,0.0059767950006062165,0.49,
credit-g,18,LightGBM (Default),0.7925,0.08915100400008669,0.0064525299999331764,0.03226264999966588,0.575,
credit-g,18,LightGBM (Tuned),0.8132142857142858,1.17176793800013,0.005671874999961801,0.028359374999809006,0.46,
credit-g,18,Random Forest,0.7966666666666666,0.28217278900001475,0.03440495299992108,0.1720247649996054,,
credit-g,18,Logistic Regression,0.7800000000000001,0.017170469999882698,0.00037262900013956823,0.0018631450006978412,,
credit-g,19,TabPFN (v2),0.8010714285714285,0.2764614560001064,0.6638565659998221,3.3192828299991106,0.52,
credit-g,19,CatBoost (Default),0.7865476190476189,2.9258838969999488,0.003214218000039182,0.01607109000019591,0.605,
credit-g,19,CatBoost (Tuned),0.7877380952380952,45.768640388999984,0.0030139180000787746,0.015069590000393873,0.565,
credit-g,19,XGBoost (Default),0.755,0.05688651199989181,0.0011851950000618672,0.005925975000309336,0.58,
credit-g,19,XGBoost (Tuned),0.7444047619047619,1.64452044199993,0.0012041509999107802,0.006020754999553901,0.67,
credit-g,19,LightGBM (Default),0.7227380952380953,0.09394978800014542,0.006354755000074874,0.03177377500037437,0.7,
credit-g,19,LightGBM (Tuned),0.7227380952380953,1.097088058000054,0.0066512880000573205,0.0332564400002866,0.7,
credit-g,19,Random Forest,0.7573214285714286,0.29041383399999177,0.03439577399990412,0.1719788699995206,,
credit-g,19,Logistic Regression,0.7977380952380952,0.018079658000033305,0.00037853600019843725,0.0018926800009921863,,
credit-g,20,TabPFN (v2),0.7790476190476192,0.3026460450000741,0.6804979920000278,3.402489960000139,0.585,
credit-g,20,CatBoost (Default),0.770952380952381,2.891618953000034,0.003207718000112436,0.01603859000056218,0.605,
credit-g,20,CatBoost (Tuned),0.7760714285714285,50.35685863999993,0.003000969999902736,0.01500484999951368,0.62,
credit-g,20,XGBoost (Default),0.74,0.05833197299989479,0.0012361189999410271,0.006180594999705136,0.655,
credit-g,20,XGBoost (Tuned),0.7686904761904761,1.0861590940000951,0.0013395810001384234,0.006697905000692117,0.63,
credit-g,20,LightGBM (Default),0.7569047619047619,0.0880979030000617,0.0067159140000967454,0.03357957000048373,0.705,
credit-g,20,LightGBM (Tuned),0.7747619047619049,1.2391475690001243,0.006408043999954316,0.03204021999977158,0.6,
credit-g,20,Random Forest,0.785952380952381,0.28529306499990525,0.033597998000004736,0.16798999000002368,,
credit-g,20,Logistic Regression,0.7886904761904762,0.015437380999856032,0.0003682409999328229,0.0018412049996641144,,
credit-g,21,TabPFN (v2),0.7715476190476191,0.2610498019998886,0.686641217999977,3.433206089999885,0.545,
credit-g,21,CatBoost (Default),0.776547619047619,2.7670734420000827,0.0032337079999251728,0.016168539999625864,0.65,
credit-g,21,CatBoost (Tuned),0.7622619047619047,41.947966481999856,0.0027138050002122327,0.013569025001061163,0.6,
credit-g,21,XGBoost (Default),0.7721428571428571,0.06217332599999281,0.0011685550000493095,0.005842775000246547,0.615,
credit-g,21,XGBoost (Tuned),0.7789285714285713,1.5361433430000488,0.0012640019999707874,0.006320009999853937,0.55,
credit-g,21,LightGBM (Default),0.7746428571428572,0.09594855999989704,0.006464274999871122,0.03232137499935561,0.59,
credit-g,21,LightGBM (Tuned),0.7723809523809524,0.965977323000061,0.0049469240000235,0.024734620000117502,0.61,
credit-g,21,Random Forest,0.7757738095238095,0.27190698900017196,0.036568873000078383,0.18284436500039192,,
credit-g,21,Logistic Regression,0.7698809523809524,0.016203097000015987,0.0003164109998579079,0.0015820549992895394,,
credit-g,22,TabPFN (v2),0.7934523809523809,0.26021867600002224,0.6754629999998087,3.3773149999990437,0.665,
credit-g,22,CatBoost (Default),0.7861904761904762,2.7679151120000824,0.0033127650001461006,0.016563825000730503,0.53,
credit-g,22,CatBoost (Tuned),0.7922619047619048,46.37658252799997,0.00285738799993851,0.01428693999969255,0.59,
credit-g,22,XGBoost (Default),0.7854761904761904,0.055003394000095795,0.0010385219998170214,0.005192609999085107,0.58,
credit-g,22,XGBoost (Tuned),0.8045238095238095,1.1286832060000052,0.0008335300001363066,0.004167650000681533,0.58,
credit-g,22,LightGBM (Default),0.7585714285714286,0.08403575800002727,0.005899296000052345,0.029496480000261727,0.71,
credit-g,22,LightGBM (Tuned),0.7794047619047618,1.165417768999987,0.006193567000082112,0.03096783500041056,0.63,
credit-g,22,Random Forest,0.7946428571428571,0.2608212990000993,0.03422025300005771,0.17110126500028855,,
credit-g,22,Logistic Regression,0.7794047619047618,0.015696430999923905,0.0003454309999142424,0.001727154999571212,,
credit-g,23,TabPFN (v2),0.801547619047619,0.294487707999906,0.645331934999831,3.226659674999155,0.57,
credit-g,23,CatBoost (Default),0.8066666666666666,2.752549573000124,0.0033096940001087205,0.016548470000543603,0.535,
credit-g,23,CatBoost (Tuned),0.7901190476190476,41.113917378999986,0.0027608600000803563,0.013804300000401781,0.57,
credit-g,23,XGBoost (Default),0.7855952380952382,0.0882066169999689,0.0012138669999330887,0.006069334999665443,0.555,
credit-g,23,XGBoost (Tuned),0.7853571428571429,1.2814883209998698,0.0010046709999187442,0.005023354999593721,0.555,
credit-g,23,LightGBM (Default),0.77,0.08535937999999987,0.0058183270000427,0.0290916350002135,0.545,
credit-g,23,LightGBM (Tuned),0.7829761904761905,1.1937761789999968,0.0061821770000278775,0.030910885000139388,0.515,
credit-g,23,Random Forest,0.8055357142857144,0.26992137900015223,0.03403422199994566,0.1701711099997283,,
credit-g,23,Logistic Regression,0.7723809523809524,0.016902967000078206,0.00044266400004744355,0.0022133200002372178,,
credit-g,24,TabPFN (v2),0.8446428571428571,0.2608317829999578,0.6886545849999948,3.443272924999974,0.53,
credit-g,24,CatBoost (Default),0.8447619047619048,2.8336693749999995,0.0033332390000850864,0.016666195000425432,0.57,
credit-g,24,CatBoost (Tuned),0.825952380952381,48.26618998699996,0.002563995000173236,0.01281997500086618,0.58,
credit-g,24,XGBoost (Default),0.8064285714285714,0.053767308999795205,0.0012995550000596268,0.006497775000298134,0.515,
credit-g,24,XGBoost (Tuned),0.8448809523809524,1.5061827529998482,0.0015782810000928293,0.007891405000464147,0.605,
credit-g,24,LightGBM (Default),0.8095238095238096,0.09866410799986625,0.005780376000075194,0.028901880000375968,0.505,
credit-g,24,LightGBM (Tuned),0.8421428571428572,1.1953185610000219,0.005976318999955765,0.029881594999778827,0.525,
credit-g,24,Random Forest,0.8452380952380952,0.26767690399992716,0.03481095000006462,0.1740547500003231,,
credit-g,24,Logistic Regression,0.8433333333333334,0.016043647999822497,0.00035940199995820876,0.0017970099997910438,,
telco-churn,0,TabPFN (v2),0.8628109741920484,0.6940424140000232,8.04984682899999,5.713163114975152,,13.640880056777856
telco-churn,0,CatBoost (Default),0.8599434240099202,5.476141307000034,0.008658685000000332,0.006145269694819257,,13.76863023420866
telco-churn,0,CatBoost (Tuned),0.8600570926657884,73.24546234900004,0.0063273230000504554,0.004490647977324667,,13.371185237757274
telco-churn,0,XGBoost (Default),0.8402697047198325,0.08436337400007687,0.0023101179999684973,0.0016395443576781386,,12.860184528034067
telco-churn,0,XGBoost (Tuned),0.8638327004055906,2.0229993539999214,0.0023513930000262917,0.0016688381831272475,,13.640880056777856
telco-churn,0,LightGBM (Default),0.8456121315456353,0.1302004440001383,0.009119112999997014,0.0064720461320063975,,13.058907026259758
telco-churn,0,LightGBM (Tuned),0.8586310677103517,2.620827216999942,0.007792213000129777,0.005530314407473228,,13.314407381121363
telco-churn,0,Random Forest,0.8367072257097833,0.4614334779998899,0.04539797400002499,0.03221999574167849,,
telco-churn,0,Logistic Regression,0.8544821617711644,0.02675347099989267,0.00044062799997846014,0.00031272391765682053,,
telco-churn,1,TabPFN (v2),0.8475186649099692,0.7594320690000131,7.7473563849998754,5.498478626685504,,13.271823988644428
telco-churn,1,CatBoost (Default),0.8388940556459737,5.343463057000008,0.007875753000007535,0.00558960468417852,,12.97374024130589
telco-churn,1,CatBoost (Tuned),0.8478157534423518,59.62951813699988,0.006451268000091659,0.004578614620363137,,13.286018452803408
telco-churn,1,XGBoost (Default),0.8119920431940892,0.08177136099993731,0.0022087469999405585,0.0015675990063453219,,12.051100070972321
telco-churn,1,XGBoost (Tuned),0.842743289674236,1.722500878999881,0.0014826950000497163,0.001052303051845079,,13.18665720369056
telco-churn,1,LightGBM (Default),0.8301247771836007,0.11979039700008798,0.008898928999997224,0.006315776437187526,,12.604684173172462
telco-churn,1,LightGBM (Tuned),0.8458743444676948,2.008776399999988,0.012685524000062287,0.009003210787836967,,13.4847409510291
telco-churn,1,Random Forest,0.8240331705804852,0.41777770199996667,0.045105056000011245,0.032012105039042754,,
telco-churn,1,Logistic Regression,0.8453977111266113,0.024752374999934545,0.0004013129998838849,0.0002848211496691873,,
telco-churn,2,TabPFN (v2),0.8615231599886333,0.662872926000091,7.87756833100002,5.5908930667139956,,13.867991483321505
telco-churn,2,CatBoost (Default),0.8561329406597948,5.466522512999973,0.007888854999919204,0.005598903477586376,,13.385379701916253
telco-churn,2,CatBoost (Tuned),0.8567413263065436,65.61831885900006,0.007496074000300723,0.005320137686515772,,13.6124911284599
telco-churn,2,XGBoost (Default),0.8255961145986721,0.08379918899981931,0.0023654810001971782,0.0016788367638021137,,12.91696238466998
telco-churn,2,XGBoost (Tuned),0.858238394171898,2.242398034999951,0.002349297999899136,0.0016673513129163492,,13.229240596167495
telco-churn,2,LightGBM (Default),0.8433478002531711,0.12300051300007908,0.009305942000082723,0.006604643009285112,,13.129879347054649
telco-churn,2,LightGBM (Tuned),0.8580730579451806,1.9884324230001766,0.008599941999818839,0.006103578424285904,,13.427963094393187
telco-churn,2,Random Forest,0.8364979720478443,0.4365615279998565,0.04469686399988859,0.03172240170325663,,
telco-churn,2,Logistic Regression,0.8635175282234104,0.032691884999621834,0.00042104199974346557,0.0002988232787391523,,
telco-churn,3,TabPFN (v2),0.8370996360622192,0.679745419000028,7.768356544999733,5.517298682528219,,12.755681818181818
telco-churn,3,CatBoost (Default),0.8308984471124582,5.3794308860001365,0.0081319569999323,0.005775537641997372,,12.684659090909092
telco-churn,3,CatBoost (Tuned),0.833525015865615,54.71885482500011,0.006372555999860197,0.004525963068082527,,12.741477272727273
telco-churn,3,XGBoost (Default),0.8106137726489749,0.08777655999983835,0.0022401159999390075,0.0015909914772294087,,12.215909090909092
telco-churn,3,XGBoost (Tuned),0.8310707023610625,2.3956653539999024,0.0021506269999918004,0.0015274339488578128,,12.840909090909092
telco-churn,3,LightGBM (Default),0.8145911851938196,0.12201839599993036,0.00924438399988503,0.006565613636281982,,11.946022727272727
telco-churn,3,LightGBM (Tuned),0.8295476033207703,2.11724695599969,0.007508495999900333,0.00533273863629285,,12.670454545454545
telco-churn,3,Random Forest,0.8070521039748223,0.4256412869999622,0.03498122400014836,0.024844619318287187,,
telco-churn,3,Logistic Regression,0.8253551955032313,0.025528353000026982,0.00043951599991487456,0.0003121562499395416,,
telco-churn,4,TabPFN (v2),0.8415465095832602,0.7445815549999679,7.864022818999729,5.585243479403216,,13.167613636363637
telco-churn,4,CatBoost (Default),0.8355304668025114,5.449896231999901,0.00812861599979442,0.0057731647725812645,,12.911931818181818
telco-churn,4,CatBoost (Tuned),0.838184869516648,69.16821016499989,0.007531678000304964,0.0053492031252165935,,12.982954545454545
telco-churn,4,XGBoost (Default),0.8148175922382317,0.08713681900007941,0.0021977830001560505,0.001560925426247195,,12.1875
telco-churn,4,XGBoost (Tuned),0.837719411661271,2.449011910000081,0.001587691000167979,0.0011276214489829395,,13.153409090909092
telco-churn,4,LightGBM (Default),0.8339336877708705,0.12322595800014824,0.008821051999802876,0.006264951704405451,,12.784090909090908
telco-churn,4,LightGBM (Tuned),0.8382378799946214,2.0522641530001238,0.011182838999957312,0.007942357244287865,,12.96875
telco-churn,4,Random Forest,0.8209564641752604,0.4634308740000961,0.034294258000045375,0.02435671732957768,,
telco-churn,4,Logistic Regression,0.8364057861583178,0.024473892000060005,0.0004484390001380234,0.00031849360805257345,,
telco-churn,5,TabPFN (v2),0.8614327417396471,0.756362149999859,7.857025470000281,5.576313321504813,,13.342796309439318
telco-churn,5,CatBoost (Default),0.8573367950605802,5.367948401999911,0.008941734000018187,0.006346156139118656,,13.569907735982966
telco-churn,5,CatBoost (Tuned),0.8564300291921775,67.08461937899983,0.006992798999817751,0.004962951738692513,,13.76863023420866
telco-churn,5,XGBoost (Default),0.8361272572270014,0.09047680000003311,0.0022634890001427266,0.001606450674338344,,12.97374024130589
telco-churn,5,XGBoost (Tuned),0.8596205016921128,2.0318135140000777,0.0031169560002126673,0.0022121760115065064,,13.740241305890702
telco-churn,5,LightGBM (Default),0.8491926942054819,0.1242348249998031,0.00963684899988948,0.00683949538672071,,13.569907735982966
telco-churn,5,LightGBM (Tuned),0.8593479552558837,2.32606874899966,0.011092366999946535,0.00787251029094857,,13.896380411639461
telco-churn,5,Random Forest,0.8266385078405538,0.42390070299961735,0.035254048999831866,0.02502061674934838,,
telco-churn,5,Logistic Regression,0.8543207006122607,0.0388658150000083,0.0005424060000223108,0.0003849581263465655,,
telco-churn,6,TabPFN (v2),0.8548554599705495,0.8352446849999069,7.778793270999813,5.520790114265304,,13.555713271823988
telco-churn,6,CatBoost (Default),0.8528171743005503,5.579184330999851,0.008364714999970602,0.005936632363357418,,13.427963094393187
telco-churn,6,CatBoost (Tuned),0.8528184659898215,59.92383858099993,0.006843634000233578,0.004857085876673938,,13.371185237757274
telco-churn,6,XGBoost (Default),0.8380531659304038,0.0914494650000961,0.0021776429998681124,0.0015455237756338625,,12.178850248403123
telco-churn,6,XGBoost (Tuned),0.8559068950373299,2.6341815159998987,0.0029062899998280045,0.002062661461907739,,13.32860184528034
telco-churn,6,LightGBM (Default),0.853459143868351,0.11743694500000856,0.008387990999835893,0.00595315188065003,,12.533711852377573
telco-churn,6,LightGBM (Tuned),0.8570965408561316,2.3035079480000604,0.008453818999896612,0.005999871540025984,,13.172462739531582
telco-churn,6,Random Forest,0.8385827585316077,0.40750197600027604,0.03404694600021685,0.02416390773613687,,
telco-churn,6,Logistic Regression,0.8507013872742772,0.02561831999992137,0.0004249820003678906,0.00030161958862163986,,
telco-churn,7,TabPFN (v2),0.8278953215014596,0.666743943000256,7.974722738999844,5.659845804826007,,12.76082327892122
telco-churn,7,CatBoost (Default),0.8262419592342867,5.253515182999763,0.007308991000172682,0.005187360539512195,,12.547906316536551
telco-churn,7,CatBoost (Tuned),0.8262083753132347,64.4814126010001,0.006163574999845878,0.004374432221324257,,12.547906316536551
telco-churn,7,XGBoost (Default),0.8090922007801803,0.10068236300003264,0.002664925000317453,0.0018913591201685257,,12.107877927608232
telco-churn,7,XGBoost (Tuned),0.8267870521067452,1.9864070140001786,0.00196434000008594,0.001394137686363336,,12.604684173172462
telco-churn,7,LightGBM (Default),0.8124363843033919,0.12603244599995378,0.010258290999900055,0.007280547196522396,,12.12207239176721
telco-churn,7,LightGBM (Tuned),0.8238549174610555,2.5300094270000955,0.00949883699968268,0.006741545067198496,,12.505322924059616
telco-churn,7,Random Forest,0.8054703040636544,0.4362978090002798,0.04433983499984606,0.03146900993601566,,
telco-churn,7,Logistic Regression,0.8222687230359864,0.044311530999948445,0.0005811440000798029,0.0004124513840168935,,
telco-churn,8,TabPFN (v2),0.8548859618448149,0.8601150859999507,7.866959252000015,5.587329014204556,,13.224431818181818
telco-churn,8,CatBoost (Default),0.8479918664439006,5.913063842999691,0.009287093999773788,0.006595947443021157,,13.366477272727273
telco-churn,8,CatBoost (Tuned),0.8532450039502144,87.58228419800025,0.006440955000016402,0.00457454190342074,,13.082386363636363
telco-churn,8,XGBoost (Default),0.8210216160909716,0.08949059299993678,0.0023130230001697782,0.0016427720171660355,,12.329545454545455
telco-churn,8,XGBoost (Tuned),0.8472031187266064,2.298214757000096,0.0025970990000132588,0.0018445305397821442,,13.394886363636363
telco-churn,8,LightGBM (Default),0.8323788061286604,0.12552210500007277,0.009784240999579197,0.006949034800837498,,12.798295454545455
telco-churn,8,LightGBM (Tuned),0.8499125772234527,2.3681266859998686,0.008882786999947712,0.006308797585190136,,13.181818181818182
telco-churn,8,Random Forest,0.8233800883293831,0.4439914399999907,0.04542801099978533,0.03226421235780208,,
telco-churn,8,Logistic Regression,0.847086555024543,0.024843285000315518,0.0005118270000821212,0.0003635134943765065,,
telco-churn,9,TabPFN (v2),0.8577353923809721,0.6830163409999841,8.109293571999842,5.759441457386252,,13.792613636363637
telco-churn,9,CatBoost (Default),0.8503630571271942,5.64333534699972,0.007940089000385342,0.005639267755955499,,13.536931818181818
telco-churn,9,CatBoost (Tuned),0.8541099928629794,77.0775735520001,0.006922900000063237,0.004916832386408549,,13.309659090909092
telco-churn,9,XGBoost (Default),0.8270539620806999,0.09267758099986168,0.0022577939998882357,0.0016035468749206218,,13.110795454545455
telco-churn,9,XGBoost (Tuned),0.8520309477756286,2.3311192179999125,0.0024228530000982573,0.001720776278478876,,13.821022727272727
telco-churn,9,LightGBM (Default),0.8398773259963384,0.12463959499973498,0.010131919000286871,0.007195965199067379,,13.338068181818182
telco-churn,9,LightGBM (Tuned),0.8560868958098451,1.6662353159999839,0.00925819500025682,0.006575422585409672,,13.536931818181818
telco-churn,9,Random Forest,0.8322024431365653,0.4278424240001186,0.04472428100007164,0.03176440411936906,,
telco-churn,9,Logistic Regression,0.8500708530290964,0.02266913499988732,0.0004590620001181378,0.000326038352356632,,
telco-churn,10,TabPFN (v2),0.8448099925082023,0.7924463929998637,7.859372251999957,5.5779788871539795,,13.058907026259758
telco-churn,10,CatBoost (Default),0.8399971582836033,5.528690333999748,0.007585888999983581,0.005383881476212619,,12.945351312987935
telco-churn,10,CatBoost (Tuned),0.8442687747035573,81.40607465799985,0.0072130899998228415,0.005119297373898397,,12.987934705464868
telco-churn,10,XGBoost (Default),0.8181469425714949,0.09743432400000529,0.0025380689999110473,0.0018013264726125249,,11.823988644428672
telco-churn,10,XGBoost (Tuned),0.8322186054922628,2.8562801460002447,0.00269196599992938,0.0019105507451592477,,12.562100780695529
telco-churn,10,LightGBM (Default),0.8264899635743626,0.12606589799997892,0.010327401999802532,0.0073295968770777375,,12.491128459900638
telco-churn,10,LightGBM (Tuned),0.8433478002531711,2.4730352440001298,0.009236017000148422,0.006555015614015914,,13.030518097941803
telco-churn,10,Random Forest,0.8080446407812137,0.4463679939999565,0.04479725700002746,0.0317936529453708,,
telco-churn,10,Logistic Regression,0.839707819886848,0.02662471200028449,0.0005173370000193245,0.00036716607524437506,,
telco-churn,11,TabPFN (v2),0.8433917176883928,0.7593322940001599,8.03372368600003,5.7017201462030025,,13.399574166075231
telco-churn,11,CatBoost (Default),0.8353935777209434,5.71653262000018,0.00738089000014952,0.005238388928424074,,13.158268275372604
telco-churn,11,CatBoost (Tuned),0.8369681469425715,66.0116751429996,0.007853268999951979,0.005573647267531567,,12.97374024130589
telco-churn,11,XGBoost (Default),0.8178304787000439,0.09521493199963516,0.0023476510000364215,0.001666182398890292,,12.562100780695529
telco-churn,11,XGBoost (Tuned),0.8375080730579452,2.263150399999631,0.0033764519998840115,0.0023963463448431594,,13.385379701916253
telco-churn,11,LightGBM (Default),0.8313893409801337,0.12308078500018382,0.009728809000080219,0.006904761533059063,,12.97374024130589
telco-churn,11,LightGBM (Tuned),0.8384910485933504,2.201673086000028,0.00816896700007419,0.005797705464921356,,13.300212916962385
telco-churn,11,Random Forest,0.821019659510708,0.4383823749999465,0.0451059609999902,0.03201274733853102,,
telco-churn,11,Logistic Regression,0.8387984706399029,0.02430333900019832,0.0005074199998489348,0.00036012775007021635,,
telco-churn,12,TabPFN (v2),0.8537562324007336,0.6699124340002527,7.878575995000119,5.591608229240681,,13.399574166075231
telco-churn,12,CatBoost (Default),0.8502118370404815,5.423296610000307,0.008933669999805716,0.006340432931018961,,12.675656493967352
telco-churn,12,CatBoost (Tuned),0.8524826267793021,63.854610345999845,0.007073842999943736,0.005020470546446938,,12.860184528034067
telco-churn,12,XGBoost (Default),0.8216745459712211,0.08551448399975925,0.0023437679997186933,0.0016634265434483273,,13.158268275372604
telco-churn,12,XGBoost (Tuned),0.8521519543258674,2.104257334999602,0.003076718000102119,0.0021836181689865995,,13.811213626685593
telco-churn,12,LightGBM (Default),0.846828902839133,0.12242860500009556,0.009716421000121045,0.006895969481987967,,13.243435060326473
telco-churn,12,LightGBM (Tuned),0.8503229223178072,1.7447516199999882,0.00811324300002525,0.005758156848846878,,13.25762952448545
telco-churn,12,Random Forest,0.8337466739001266,0.41345998499991765,0.04390545700016446,0.031160721788619204,,
telco-churn,12,Logistic Regression,0.8472177013097728,0.037975496999933966,0.0005238119997557078,0.0003717615328287493,,
telco-churn,13,TabPFN (v2),0.8528383261452384,0.7203091750002386,7.974197769000057,5.663492733664813,,13.28125
telco-churn,13,CatBoost (Default),0.8489515742575539,5.60159084299994,0.011538775000190071,0.00819515269899863,,13.551136363636363
telco-churn,13,CatBoost (Tuned),0.8529302819546438,64.32063092299995,0.008521209000264207,0.006051995028596738,,13.238636363636363
telco-churn,13,XGBoost (Default),0.831560269909728,0.09107468000001973,0.0023321399999076675,0.001656349431752605,,13.238636363636363
telco-churn,13,XGBoost (Tuned),0.8508230692517906,2.3111251380000795,0.001879565000308503,0.0013349183240827435,,13.480113636363637
telco-churn,13,LightGBM (Default),0.8388532722021474,0.12484640100001343,0.010271941000155493,0.00729541264215589,,13.153409090909092
telco-churn,13,LightGBM (Tuned),0.8482392405227235,2.261934397999994,0.009142360000168992,0.006493153409210932,,13.139204545454545
telco-churn,13,Random Forest,0.8286397015969227,0.44812728299984883,0.044815477000156534,0.03182917400579299,,
telco-churn,13,Logistic Regression,0.8498594759814015,0.024498570000105246,0.0005263150001155736,0.0003738032671275381,,
telco-churn,14,TabPFN (v2),0.8587581067243144,0.6524904019997848,7.752928353000243,5.506341159801309,,12.869318181818182
telco-churn,14,CatBoost (Default),0.8558076210966186,5.416548414000317,0.007512692000091192,0.005335718750064768,,13.764204545454545
telco-churn,14,CatBoost (Tuned),0.8590748766536683,62.05428883899958,0.00660126599996147,0.004688399147699908,,13.565340909090908
telco-churn,14,XGBoost (Default),0.8335729579329534,0.09130145800008904,0.002348626000184595,0.001668058238767468,,12.670454545454545
telco-churn,14,XGBoost (Tuned),0.8596812648041456,2.139899900999808,0.002316492999852926,0.001645236505577362,,13.892045454545455
telco-churn,14,LightGBM (Default),0.8504897650989357,0.12036461899970163,0.010698321999825566,0.007598240056694294,,13.053977272727273
telco-churn,14,LightGBM (Tuned),0.858093536341915,2.560991210999873,0.01114945000017542,0.007918643466033678,,13.636363636363637
telco-churn,14,Random Forest,0.8399781751983367,0.4271692960001019,0.035391188000176044,0.02513578693194321,,
telco-churn,14,Logistic Regression,0.851119426142182,0.026548151000042708,0.0005541710002034961,0.0003935873580990739,,
telco-churn,15,TabPFN (v2),0.8543310341264307,0.8716217639998831,7.887305903000197,5.597804047551595,,13.314407381121363
telco-churn,15,CatBoost (Default),0.8499560825647782,5.356202663999738,0.007700523000039539,0.005465239886472349,,13.655074520936834
telco-churn,15,CatBoost (Tuned),0.8513640238704177,55.29745623100007,0.006886860000122397,0.004887764371981828,,13.172462739531582
telco-churn,15,XGBoost (Default),0.8242721330956624,0.08882567399996333,0.0022393619997274072,0.001589327182205399,,12.491128459900638
telco-churn,15,XGBoost (Tuned),0.8497481205921104,2.700902436999968,0.002461481999944226,0.00174697090130889,,13.399574166075231
telco-churn,15,LightGBM (Default),0.8344738949598285,0.12780041799987885,0.009798525999940466,0.00695424130584845,,13.04471256210078
telco-churn,15,LightGBM (Tuned),0.8503319641427058,1.7652385369997319,0.008705630999884306,0.006178588360457279,,12.860184528034067
telco-churn,15,Random Forest,0.8250742721330957,0.41212649299995974,0.03496810400019967,0.024817674946912473,,
telco-churn,15,Logistic Regression,0.8474669973391201,0.02475178099984987,0.00045716200020251563,0.000324458481336065,,
telco-churn,16,TabPFN (v2),0.8628535999379988,0.7514070729998821,7.754796448999969,5.503759012774995,,13.882185947480483
telco-churn,16,CatBoost (Default),0.857978764628381,5.456199665999975,0.007793818000209285,0.005531453513278413,,13.427963094393187
telco-churn,16,CatBoost (Tuned),0.8617634141930817,59.25774536200015,0.007418100999984745,0.0052647984385981155,,13.839602555003548
telco-churn,16,XGBoost (Default),0.8341083468960707,0.08995443999992858,0.0023330290000558307,0.0016558048261574386,,12.732434350603265
telco-churn,16,XGBoost (Tuned),0.8549820455191298,2.224054229000103,0.0017791089999263932,0.001262674946718519,,13.711852377572747
telco-churn,16,LightGBM (Default),0.8409181327339895,0.1269425880000199,0.010036684000169771,0.007123267565769887,,12.845990063875089
telco-churn,16,LightGBM (Tuned),0.8534294350151128,2.088367059999655,0.010386713000116288,0.007371691270487074,,13.6124911284599
telco-churn,16,Random Forest,0.8328295745175541,0.444175537999854,0.04529389099980108,0.03214612562086663,,
telco-churn,16,Logistic Regression,0.8568239944199023,0.039089346999844565,0.00048023999988799915,0.00034083747330589006,,
telco-churn,17,TabPFN (v2),0.8419850680720246,0.6917612520001057,7.871415355999943,5.586526157558512,,12.76082327892122
telco-churn,17,CatBoost (Default),0.8383941718980081,5.654972327999985,0.008838420000301994,0.006272831795814049,,12.817601135557133
telco-churn,17,CatBoost (Tuned),0.8413366400578676,59.077960420999716,0.006386259999999311,0.004532476933995252,,12.533711852377573
telco-churn,17,XGBoost (Default),0.8140794130563953,0.08820420799975182,0.002397464000296168,0.0017015358412321986,,12.264017033356991
telco-churn,17,XGBoost (Tuned),0.8431243380092485,2.2073919260001276,0.0024348110000573797,0.0017280418737099926,,13.058907026259758
telco-churn,17,LightGBM (Default),0.8291353432018393,0.1212279349997516,0.00945098300007885,0.006707581973086479,,12.959545777146912
telco-churn,17,LightGBM (Tuned),0.8403678731044459,2.0486937099999523,0.009499888999926043,0.006742291696185978,,12.732434350603265
telco-churn,17,Random Forest,0.8242450076209669,0.40333446800013917,0.044370623999839154,0.03149086160386029,,
telco-churn,17,Logistic Regression,0.8371489834405434,0.026426385999911872,0.0004705159999502939,0.00033393612487600706,,
telco-churn,18,TabPFN (v2),0.8551061377264899,0.6888674349997927,7.858330526000373,5.581200657670719,,13.011363636363637
telco-churn,18,CatBoost (Default),0.8511261348771548,5.537585527999909,0.008687791999818728,0.0061703068180530745,,12.911931818181818
telco-churn,18,CatBoost (Tuned),0.8529794977399593,63.69169153899975,0.007264745000156836,0.0051596200285204796,,12.96875
telco-churn,18,XGBoost (Default),0.8317260493971066,0.08330067799988683,0.002321844000107376,0.0016490369318944431,,12.840909090909092
telco-churn,18,XGBoost (Tuned),0.857575993057984,2.3974280530001124,0.0016829920000418497,0.001195306818211541,,13.224431818181818
telco-churn,18,LightGBM (Default),0.8416080610275738,0.12992874199971993,0.009740547000092192,0.006918002130747296,,12.713068181818182
telco-churn,18,LightGBM (Tuned),0.8541943505459066,2.3526150240004426,0.011553917000128422,0.008205906960318482,,13.196022727272727
telco-churn,18,Random Forest,0.8330885495590008,0.42392844000005425,0.04432739200001379,0.031482522727282525,,
telco-churn,18,Logistic Regression,0.8549973449378975,0.021577569999863044,0.00046203300007618964,0.0003281484375541119,,
telco-churn,19,TabPFN (v2),0.840420360160945,0.6668510380000043,7.817113107000296,5.551926922585437,,13.622159090909092
telco-churn,19,CatBoost (Default),0.8370910435565118,5.455201490000036,0.008457809999981691,0.006006967329532452,,13.451704545454545
telco-churn,19,CatBoost (Tuned),0.8380840203146493,63.79019633799999,0.006726350999997521,0.004777237926134603,,13.622159090909092
telco-churn,19,XGBoost (Default),0.8162294810662089,0.09256313500009128,0.0022729499996785307,0.0016143110793171381,,12.670454545454545
telco-churn,19,XGBoost (Tuned),0.8342595082696345,2.8329672360000586,0.002572603000317031,0.001827132812725164,,13.28125
telco-churn,19,LightGBM (Default),0.8294329688970719,0.12739649500008454,0.010032538999894314,0.007125382812424939,,12.471590909090908
telco-churn,19,LightGBM (Tuned),0.8387666918358692,1.8488106969998626,0.00888346100009585,0.006309276278477166,,13.224431818181818
telco-churn,19,Random Forest,0.8157627302723445,0.42579881699975886,0.044186597999669175,0.0313825269884014,,
telco-churn,19,Logistic Regression,0.8336738071349516,0.03530343400007041,0.0005540450001717545,0.0003934978694401666,,
telco-churn,20,TabPFN (v2),0.8478260869565217,0.7451532839995707,7.783478966000075,5.52411566075236,,13.32860184528034
telco-churn,20,CatBoost (Default),0.8429305846185642,5.434881113000301,0.00818461600010778,0.005808811923426388,,13.04471256210078
telco-churn,20,CatBoost (Tuned),0.8469929473765792,76.11302724000006,0.006345591999888711,0.004503613910495891,,12.97374024130589
telco-churn,20,XGBoost (Default),0.8061703996486604,0.09083951799993883,0.002619864999815036,0.0018593789920617713,,12.306600425833924
telco-churn,20,XGBoost (Tuned),0.8438463923118654,1.6167100560001018,0.0018270619998475013,0.0012967083036533012,,13.342796309439318
telco-churn,20,LightGBM (Default),0.8281859515874861,0.2145064269998329,0.009434137999960512,0.0066956266855645935,,12.661462029808375
telco-churn,20,LightGBM (Tuned),0.8440143119171253,2.0657828360003805,0.011565835000055813,0.008208541518847277,,13.243435060326473
telco-churn,20,Random Forest,0.8176031413883077,0.4505826489998981,0.0453269409999848,0.03216958197301973,,
telco-churn,20,Logistic Regression,0.8407992973210363,0.022918643999673805,0.00046269799986475846,0.000328387508775556,,
telco-churn,21,TabPFN (v2),0.8422731147795085,0.7099490040000092,7.8066459950000535,5.54055783889287,,12.377572746628815
telco-churn,21,CatBoost (Default),0.8359296287685035,5.524288040000101,0.007661024999833899,0.005437207239058835,,12.945351312987935
telco-churn,21,CatBoost (Tuned),0.8319512258131185,66.32970484799989,0.0065944309999395045,0.004680220723874738,,12.704045422285308
telco-churn,21,XGBoost (Default),0.814304166989589,0.09015715999976237,0.0025163459999930637,0.0017859091554244596,,12.803406671398156
telco-churn,21,XGBoost (Tuned),0.8350112376966596,2.5048164380000344,0.0016035270000429591,0.0011380603265031648,,12.079488999290277
telco-churn,21,LightGBM (Default),0.8274690640419541,0.12626992200011955,0.009451191000152903,0.006707729595566291,,12.562100780695529
telco-churn,21,LightGBM (Tuned),0.8378800795680591,1.8267790899999454,0.009111157999996067,0.006466400283886492,,12.803406671398156
telco-churn,21,Random Forest,0.8119532925159524,0.42285454600005323,0.04439700099965194,0.03150958197278349,,
telco-churn,21,Logistic Regression,0.8396819861014235,0.02710368699990795,0.0004725090002466459,0.0003353506034397771,,
telco-churn,22,TabPFN (v2),0.8624893435635124,0.7231633520000287,7.790072356999644,5.528795143363836,,13.569907735982966
telco-churn,22,CatBoost (Default),0.8579865147640084,5.360430292000274,0.008549861000119563,0.006068034776522046,,13.584102200141945
telco-churn,22,CatBoost (Tuned),0.8610478183368209,66.38444193099986,0.007203164999737055,0.00511225337099862,,13.882185947480483
telco-churn,22,XGBoost (Default),0.8435402619545843,0.0862618090000069,0.0023410150001836882,0.0016614726757868618,,13.002129169623847
telco-churn,22,XGBoost (Tuned),0.856037355653724,2.0018671019997782,0.0016610110001238354,0.001178858055446299,,13.456352022711142
telco-churn,22,LightGBM (Default),0.8526415045596631,0.12755370200011384,0.01005650000024616,0.007137331440912818,,13.967352732434351
telco-churn,22,LightGBM (Tuned),0.8536851894908161,2.5830277289996957,0.008390028000121674,0.005954597587027447,,13.6124911284599
telco-churn,22,Random Forest,0.8415213516236534,0.4267176829998789,0.03453718399987338,0.024511841021911552,,
telco-churn,22,Logistic Regression,0.8561574827559482,0.02326443299989478,0.0004760789997817483,0.000337884314962206,,
telco-churn,23,TabPFN (v2),0.84524614368419,0.67100993799977,7.825812259000031,5.55810529758525,,13.011363636363637
telco-churn,23,CatBoost (Default),0.8402727590628278,5.486286593999921,0.008541625999896496,0.006066495738562852,,12.869318181818182
telco-churn,23,CatBoost (Tuned),0.8418515496496612,59.05010347499956,0.006475447999946482,0.004599039772689263,,12.855113636363637
telco-churn,23,XGBoost (Default),0.8254873010322363,0.08361419799985015,0.002133404999767663,0.0015152024146077151,,12.059659090909092
telco-churn,23,XGBoost (Tuned),0.8430612218466281,2.1771879079997234,0.001723710999613104,0.0012242265622252157,,13.068181818181818
telco-churn,23,LightGBM (Default),0.8386577042131301,0.1236808759995256,0.009282977000111714,0.0065930234375793425,,12.556818181818182
telco-churn,23,LightGBM (Tuned),0.8462991024594941,2.289872352999737,0.008731754999644181,0.006201530539520016,,13.323863636363637
telco-churn,23,Random Forest,0.8228102213415187,0.39430948000062926,0.03464650500063726,0.024606892756134417,,
telco-churn,23,Logistic Regression,0.83489787724547,0.037405734999993,0.0004384060002848855,0.00031136789792960616,,
telco-churn,24,TabPFN (v2),0.8567243144840142,0.8059160809998502,7.81679466300011,5.5517007549716695,,13.551136363636363
telco-churn,24,CatBoost (Default),0.84979157831587,5.524403247999544,0.008666584999446059,0.006155245028015667,,13.380681818181818
telco-churn,24,CatBoost (Tuned),0.8447633405393105,75.12778420800078,0.007860383999286569,0.005582659090402392,,13.28125
telco-churn,24,XGBoost (Default),0.8222157862617527,0.14000012199994671,0.002608709000014642,0.00185277627841949,,12.826704545454545
telco-churn,24,XGBoost (Tuned),0.8543323782827709,2.488631999000063,0.0030235949998314027,0.0021474396305620758,,13.579545454545455
telco-churn,24,LightGBM (Default),0.842760578822702,0.12388157099940145,0.009701690999463608,0.006890405539391767,,12.997159090909092
telco-churn,24,LightGBM (Tuned),0.8504419263749109,2.423781976999635,0.010535668000557052,0.007482718750395634,,13.267045454545455
telco-churn,24,Random Forest,0.8339492030327166,0.42209637299947644,0.04511983100019279,0.032045334517182375,,
telco-churn,24,Logistic Regression,0.8547952502611735,0.025666545000603946,0.00045554200005426537,0.00032353835231126805,,
bank-marketing,0,TabPFN (v2),0.9497052588785319,0.8094290170001841,14.122486817999743,7.0612434089998715,,
bank-marketing,0,CatBoost (Default),0.940238696750588,5.3960966909999115,0.009091636999983166,0.004545818499991583,,
bank-marketing,0,CatBoost (Tuned),0.9404589056344436,70.6764030659997,0.0099543080004878,0.0049771540002439,,
bank-marketing,0,XGBoost (Default),0.9210756840994667,0.10689603900027578,0.0026763799996842863,0.0013381899998421432,,
bank-marketing,0,XGBoost (Tuned),0.9269148493384055,2.4011136280005303,0.00392637300046772,0.00196318650023386,,
bank-marketing,0,LightGBM (Default),0.9305858040286127,0.14993334900009359,0.0096990440006266,0.0048495220003133,,
bank-marketing,0,LightGBM (Tuned),0.9325192864264212,3.357498780000242,0.01483337300032872,0.00741668650016436,,
bank-marketing,0,Random Forest,0.9187344522848487,0.5627231680000477,0.0442751889995634,0.0221375944997817,,
bank-marketing,0,Logistic Regression,0.9179782404584215,0.03347392799969384,0.0005187249998925836,0.0002593624999462918,,
bank-marketing,1,TabPFN (v2),0.9389416422259005,0.9025647130001744,13.818546317000255,6.9092731585001275,,
bank-marketing,1,CatBoost (Default),0.9244925516159944,5.401099628999873,0.008322079999743437,0.0041610399998717185,,
bank-marketing,1,CatBoost (Tuned),0.9258912410101539,59.382201276999695,0.007660127000235661,0.0038300635001178307,,
bank-marketing,1,XGBoost (Default),0.9153550928749116,0.11536468700069236,0.0028203330002725124,0.0014101665001362562,,
bank-marketing,1,XGBoost (Tuned),0.922742979934373,2.1552215000001524,0.0025795020001169178,0.0012897510000584589,,
bank-marketing,1,LightGBM (Default),0.9224695337379369,0.15372973300054582,0.010201870999480889,0.005100935499740444,,
bank-marketing,1,LightGBM (Tuned),0.927212494313287,2.4092298440000377,0.009594993000064278,0.004797496500032139,,
bank-marketing,1,Random Forest,0.9159298138629962,0.49339789999976347,0.044569533999492705,0.022284766999746353,,
bank-marketing,1,Logistic Regression,0.8958000600129705,0.035232402000474394,0.0005636610003421083,0.00028183050017105415,,
bank-marketing,2,TabPFN (v2),0.9436434648778929,0.8132148430004236,13.902049461999923,6.951024730999961,,
bank-marketing,2,CatBoost (Default),0.9395078936415291,5.664146694999545,0.010457755000061297,0.005228877500030649,,
bank-marketing,2,CatBoost (Tuned),0.9390505367289059,71.11273630400046,0.00847660899944458,0.00423830449972229,,
bank-marketing,2,XGBoost (Default),0.920308582822739,0.11344805699991412,0.002773426999738149,0.0013867134998690744,,
bank-marketing,2,XGBoost (Tuned),0.9306632401196387,3.0016967070005194,0.006032240000422462,0.003016120000211231,,
bank-marketing,2,LightGBM (Default),0.9286015041960682,0.15020447199913178,0.010588527000436443,0.0052942635002182215,,
bank-marketing,2,LightGBM (Tuned),0.9269995450629652,2.63625833199967,0.014215805000276305,0.007107902500138152,,
bank-marketing,2,Random Forest,0.9298828295147661,0.5651856590002353,0.04426342700025998,0.02213171350012999,,
bank-marketing,2,Logistic Regression,0.9050125349672349,0.036250262999601546,0.000633536000350432,0.000316768000175216,,
bank-marketing,3,TabPFN (v2),0.9277739059732264,0.842085913000119,13.928285643999516,6.964142821999758,,
bank-marketing,3,CatBoost (Default),0.9209183920395699,5.637568008000017,0.009384582999700797,0.004692291499850398,,
bank-marketing,3,CatBoost (Tuned),0.9206715644994241,57.73439604499981,0.00937368500035518,0.00468684250017759,,
bank-marketing,3,XGBoost (Default),0.9093634753317652,0.11588728500009893,0.002798794999762322,0.001399397499881161,,
bank-marketing,3,XGBoost (Tuned),0.9075388874369621,2.7960460740005146,0.003117508999821439,0.0015587544999107195,,
bank-marketing,3,LightGBM (Default),0.919026047565119,0.16901825500008272,0.01172406299974682,0.00586203149987341,,
bank-marketing,3,LightGBM (Tuned),0.9190744451220102,2.32603515000028,0.012536775000626221,0.006268387500313111,,
bank-marketing,3,Random Forest,0.9105964030935718,0.510394093999821,0.044259144000534434,0.022129572000267217,,
bank-marketing,3,Logistic Regression,0.8976173882742399,0.03288361900013115,0.0006043430003046524,0.0003021715001523262,,
bank-marketing,4,TabPFN (v2),0.9292137332907435,0.8818691730002683,13.870258938000006,6.935129469000003,,
bank-marketing,4,CatBoost (Default),0.9126956471237332,5.481883612000274,0.009451384000385588,0.004725692000192794,,
bank-marketing,4,CatBoost (Tuned),0.9156527378497933,63.464809349999996,0.0071099180004239315,0.0035549590002119658,,
bank-marketing,4,XGBoost (Default),0.90266767333585,0.10888433500076644,0.00301195900010498,0.00150597950005249,,
bank-marketing,4,XGBoost (Tuned),0.906457202040441,3.019081997000285,0.005700192999938736,0.002850096499969368,,
bank-marketing,4,LightGBM (Default),0.9025829776112902,0.1551012730005823,0.0110659960000703,0.00553299800003515,,
bank-marketing,4,LightGBM (Tuned),0.91011847721927,2.355592061000607,0.011267115000009653,0.005633557500004827,,
bank-marketing,4,Random Forest,0.903876402319211,0.5230310509996343,0.044123636999756854,0.022061818499878427,,
bank-marketing,4,Logistic Regression,0.895362062123104,0.030202187999748276,0.0005475940006363089,0.00027379700031815446,,
bank-marketing,5,TabPFN (v2),0.9333650337330971,0.8918866659996638,13.946304211999632,6.973152105999816,,
bank-marketing,5,CatBoost (Default),0.9180193783817793,5.59401201000037,0.009266170000046259,0.004633085000023129,,
bank-marketing,5,CatBoost (Tuned),0.9193575708298245,63.6682952860001,0.008736537000004319,0.004368268500002159,,
bank-marketing,5,XGBoost (Default),0.906803244572214,0.1090182289999575,0.002924878999692737,0.0014624394998463686,,
bank-marketing,5,XGBoost (Tuned),0.9102588301342548,2.422262477000004,0.004056710000440944,0.002028355000220472,,
bank-marketing,5,LightGBM (Default),0.9178282080320584,0.15581731600013882,0.01066892899962113,0.005334464499810565,,
bank-marketing,5,LightGBM (Tuned),0.9167174841014026,2.66266760399958,0.013680338000085612,0.006840169000042806,,
bank-marketing,5,Random Forest,0.912604901704562,0.48379916100020637,0.04479342800004815,0.022396714000024076,,
bank-marketing,5,Logistic Regression,0.891332965511901,0.03656424899963895,0.0005452909999803524,0.0002726454999901762,,
bank-marketing,6,TabPFN (v2),0.930694698531618,0.8224461999998312,13.86459433500022,6.93229716750011,,
bank-marketing,6,CatBoost (Default),0.9183097637231272,5.395497254000475,0.010483787999874039,0.0052418939999370195,,
bank-marketing,6,CatBoost (Tuned),0.9178862851003281,63.98868370800028,0.01021045800007414,0.00510522900003707,,
bank-marketing,6,XGBoost (Default),0.9079962443495855,0.11020165199988696,0.0028079579997211113,0.0014039789998605556,,
bank-marketing,6,XGBoost (Tuned),0.9088565109233286,2.9884997549997934,0.0038670619996992173,0.0019335309998496084,,
bank-marketing,6,LightGBM (Default),0.9136635982615599,0.1598807289992692,0.010832083999957831,0.0054160419999789156,,
bank-marketing,6,LightGBM (Tuned),0.908460860895742,2.9392010550000123,0.009622122000109812,0.004811061000054906,,
bank-marketing,6,Random Forest,0.9057046200307808,0.5522855839999465,0.04467539100005524,0.02233769550002762,,
bank-marketing,6,Logistic Regression,0.8989217024324612,0.03702825700020185,0.0006021620001774863,0.00030108100008874317,,
bank-marketing,7,TabPFN (v2),0.9332113714899671,0.8017975740003749,13.887665535999986,6.943832767999993,,
bank-marketing,7,CatBoost (Default),0.9220823532828063,5.472209909999947,0.009959719000107725,0.004979859500053863,,
bank-marketing,7,CatBoost (Tuned),0.9196963537280638,65.2682981299995,0.009151451000434463,0.0045757255002172315,,
bank-marketing,7,XGBoost (Default),0.913840249344213,0.1171112579995679,0.002706471000237798,0.001353235500118899,,
bank-marketing,7,XGBoost (Tuned),0.9167779810475166,2.3666247099999964,0.0030511450004269136,0.0015255725002134568,,
bank-marketing,7,LightGBM (Default),0.9221210713283192,0.15654878599980293,0.010345097000026726,0.005172548500013363,,
bank-marketing,7,LightGBM (Tuned),0.9186364472321438,2.668935421000242,0.0081345960006729,0.00406729800033645,,
bank-marketing,7,Random Forest,0.909627242016823,0.5013161699998818,0.0441293140002017,0.02206465700010085,,
bank-marketing,7,Logistic Regression,0.895836358180639,0.03478808399995614,0.0005597259996648063,0.00027986299983240315,,
bank-marketing,8,TabPFN (v2),0.9466247543823987,0.8088652159995036,13.83538022599987,6.917690112999935,,
bank-marketing,8,CatBoost (Default),0.9398515162954575,5.373960912000257,0.010463628999787034,0.005231814499893517,,
bank-marketing,8,CatBoost (Tuned),0.9409090029135329,83.59631457700016,0.008152107000569231,0.0040760535002846154,,
bank-marketing,8,XGBoost (Default),0.9266196242413682,0.11422271900028136,0.0027159889996255515,0.0013579944998127758,,
bank-marketing,8,XGBoost (Tuned),0.9344551887020742,2.765308418999666,0.007299059999240853,0.0036495299996204267,,
bank-marketing,8,LightGBM (Default),0.9334775580528695,0.15830263899988495,0.010025545999269525,0.0050127729996347625,,
bank-marketing,8,LightGBM (Tuned),0.9405944187937394,2.7009779029995116,0.011411951999434677,0.005705975999717339,,
bank-marketing,8,Random Forest,0.933834490034943,0.5355187770001066,0.045419637999657425,0.022709818999828713,,
bank-marketing,8,Logistic Regression,0.9230454646649436,0.0376993340005356,0.0005586420002146042,0.0002793210001073021,,
bank-marketing,9,TabPFN (v2),0.9381164638809033,0.8481502570002704,13.900769392000257,6.950384696000128,,
bank-marketing,9,CatBoost (Default),0.9283377375110105,5.470753370999773,0.009715692999634484,0.004857846499817242,,
bank-marketing,9,CatBoost (Tuned),0.9302276621076169,75.076748726,0.009176616000331705,0.004588308000165853,,
bank-marketing,9,XGBoost (Default),0.9042744722246421,0.11014012899977388,0.0028285199996389565,0.0014142599998194783,,
bank-marketing,9,XGBoost (Tuned),0.9201004733281064,2.8088372940001136,0.005324677999851701,0.0026623389999258507,,
bank-marketing,9,LightGBM (Default),0.9236576937596191,0.1503715769995324,0.010353013999520044,0.005176506999760022,,
bank-marketing,9,LightGBM (Tuned),0.9251531782675612,2.029773603000649,0.009362243999930797,0.004681121999965399,,
bank-marketing,9,Random Forest,0.9154373687216268,0.5008086930001809,0.04477781900004629,0.022388909500023146,,
bank-marketing,9,Logistic Regression,0.9036695027635004,0.03812104700045893,0.0005434499998955289,0.00027172499994776445,,
bank-marketing,10,TabPFN (v2),0.9365677420603808,0.9262630609991902,13.897503019000396,6.948751509500198,,
bank-marketing,10,CatBoost (Default),0.9299275972548906,5.551356386999942,0.009702813000330934,0.004851406500165467,,
bank-marketing,10,CatBoost (Tuned),0.9243957565022118,78.23265589899984,0.009535018999486056,0.004767509499743028,,
bank-marketing,10,XGBoost (Default),0.9162770663336915,0.11497309500009578,0.003004916999998386,0.001502458499999193,,
bank-marketing,10,XGBoost (Tuned),0.9181064939841838,3.148417497999617,0.0027966320003542933,0.0013983160001771466,,
bank-marketing,10,LightGBM (Default),0.9214919030887322,0.15372432300046057,0.010221835000265855,0.005110917500132928,,
bank-marketing,10,LightGBM (Tuned),0.9214604446767528,2.578707807999308,0.009851724000327522,0.004925862000163761,,
bank-marketing,10,Random Forest,0.9126411998722304,0.5121767009995892,0.04369726900040405,0.021848634500202024,,
bank-marketing,10,Logistic Regression,0.9017287607321582,0.03502304800076672,0.0005836319996888051,0.00029181599984440254,,
bank-marketing,11,TabPFN (v2),0.9395683905876431,0.9801080520001051,13.889720793000379,6.944860396500189,,
bank-marketing,11,CatBoost (Default),0.9278948998654547,5.501280962000237,0.009017320000566542,0.004508660000283271,,
bank-marketing,11,CatBoost (Tuned),0.9261211294053877,65.28616859800059,0.008963713999946776,0.004481856999973388,,
bank-marketing,11,XGBoost (Default),0.9150840665563202,0.11146087099950819,0.0028308350001680083,0.0014154175000840041,,
bank-marketing,11,XGBoost (Tuned),0.9268470927587575,2.544575476999853,0.00425651800014748,0.00212825900007374,,
bank-marketing,11,LightGBM (Default),0.9204416761041903,0.16314041700024973,0.011133916999824578,0.005566958499912289,,
bank-marketing,11,LightGBM (Tuned),0.9263848960904454,2.759697738999421,0.011846794999655685,0.005923397499827843,,
bank-marketing,11,Random Forest,0.9230684535044671,0.5366539589995227,0.04453630299940414,0.02226815149970207,,
bank-marketing,11,Logistic Regression,0.9064257436284615,0.04012411199983035,0.000579773000026762,0.000289886500013381,,
bank-marketing,12,TabPFN (v2),0.9382616565515773,0.8170730400006505,13.885148770999876,6.942574385499938,,
bank-marketing,12,CatBoost (Default),0.9285143885936638,5.306765493999592,0.009231146999809425,0.004615573499904713,,
bank-marketing,12,CatBoost (Tuned),0.9302688000309745,66.56564472099944,0.009768334000000323,0.004884167000000161,,
bank-marketing,12,XGBoost (Default),0.9083979440717833,0.10942623700066179,0.0026977570005328744,0.0013488785002664372,,
bank-marketing,12,XGBoost (Tuned),0.9180072789925564,2.3981411029999435,0.001853185000072699,0.0009265925000363495,,
bank-marketing,12,LightGBM (Default),0.9247030809884715,0.16126097599953937,0.011436839000452892,0.005718419500226446,,
bank-marketing,12,LightGBM (Tuned),0.9195402716070893,2.069151785000031,0.007719736000581179,0.003859868000290589,,
bank-marketing,12,Random Forest,0.9183980892644539,0.5065834820006785,0.04459008700086997,0.022295043500434986,,
bank-marketing,12,Logistic Regression,0.9079091287471809,0.04019754999990255,0.0005663829997502035,0.0002831914998751017,,
bank-marketing,13,TabPFN (v2),0.9294266825410653,0.8268048579993774,13.89713029700033,6.948565148500165,,
bank-marketing,13,CatBoost (Default),0.9219637792684225,5.347226769000372,0.01039152799967269,0.005195763999836345,,
bank-marketing,13,CatBoost (Tuned),0.9183968793255317,68.51590431600016,0.009372086000439594,0.004686043000219797,,
bank-marketing,13,XGBoost (Default),0.9083882645604051,0.10567579200051114,0.002797316999931354,0.001398658499965677,,
bank-marketing,13,XGBoost (Tuned),0.9140435190831566,2.7365518750002593,0.005865166999683424,0.002932583499841712,,
bank-marketing,13,LightGBM (Default),0.9178015893757684,0.1533890929995323,0.010196097000516602,0.005098048500258301,,
bank-marketing,13,LightGBM (Tuned),0.9208191770479426,2.5660123349998685,0.011440049999691837,0.0057200249998459185,,
bank-marketing,13,Random Forest,0.9070718510129607,0.5130745229998865,0.03478480299963849,0.017392401499819243,,
bank-marketing,13,Logistic Regression,0.8949579425230615,0.03422835800029134,0.0005408600000009756,0.0002704300000004878,,
bank-marketing,14,TabPFN (v2),0.9495624860857024,0.8759476149998591,13.84713225500036,6.92356612750018,,
bank-marketing,14,CatBoost (Default),0.9389077639360764,5.388862093000171,0.010152331000426784,0.005076165500213392,,
bank-marketing,14,CatBoost (Tuned),0.9346681379523962,61.31785810299971,0.00878930799990485,0.004394653999952425,,
bank-marketing,14,XGBoost (Default),0.9236238154697951,0.11565433299983852,0.0029070150003462913,0.0014535075001731457,,
bank-marketing,14,XGBoost (Tuned),0.9319578747664817,2.937646008000229,0.007097835000422492,0.003548917500211246,,
bank-marketing,14,LightGBM (Default),0.930929426682541,0.15106442700016487,0.010190783999860287,0.005095391999930143,,
bank-marketing,14,LightGBM (Tuned),0.9296444715470763,3.2181079789997966,0.020701227000245126,0.010350613500122563,,
bank-marketing,14,Random Forest,0.9280413024750511,0.5031990159995985,0.03456846799963387,0.017284233999816934,,
bank-marketing,14,Logistic Regression,0.9089061184191423,0.03373354399991513,0.0005398539997258922,0.0002699269998629461,,
bank-marketing,15,TabPFN (v2),0.9350383792626148,0.8771151639994059,13.854839128999629,6.927419564499814,,
bank-marketing,15,CatBoost (Default),0.9291120984212718,5.492386400000214,0.00992745300027309,0.004963726500136545,,
bank-marketing,15,CatBoost (Tuned),0.9264720116928498,56.716520121999565,0.00949801499973546,0.00474900749986773,,
bank-marketing,15,XGBoost (Default),0.9125117364075461,0.11624056300024677,0.002990814000440878,0.001495407000220439,,
bank-marketing,15,XGBoost (Tuned),0.9166860256894231,3.202323184999841,0.0051703220005947514,0.0025851610002973757,,
bank-marketing,15,LightGBM (Default),0.9218573046432617,0.15129621399955795,0.01020173100005195,0.005100865500025975,,
bank-marketing,15,LightGBM (Tuned),0.9196092381256595,2.111619461999908,0.009428451000530913,0.0047142255002654565,,
bank-marketing,15,Random Forest,0.9192256874872956,0.4782064579994767,0.0343397990000085,0.01716989950000425,,
bank-marketing,15,Logistic Regression,0.9076526216956567,0.029849297000509978,0.0005800389999421895,0.0002900194999710948,,
bank-marketing,16,TabPFN (v2),0.9387190134642004,0.85817346299973,13.874097129999427,6.937048564999714,,
bank-marketing,16,CatBoost (Default),0.9255597177454482,5.167210093999529,0.00805634900007135,0.004028174500035675,,
bank-marketing,16,CatBoost (Tuned),0.9189244126956472,58.65380211699994,0.008786061999671801,0.004393030999835901,,
bank-marketing,16,XGBoost (Default),0.9123205660578254,0.10826380599974073,0.002594921000309114,0.001297460500154557,,
bank-marketing,16,XGBoost (Tuned),0.9230478845427883,2.767475977000686,0.006329790000563662,0.003164895000281831,,
bank-marketing,16,LightGBM (Default),0.9199770595580334,0.14954488900002616,0.010900525000579364,0.005450262500289682,,
bank-marketing,16,LightGBM (Tuned),0.9187864796585068,2.162980038000569,0.011461219000011624,0.005730609500005812,,
bank-marketing,16,Random Forest,0.9197338618346544,0.5130552189993978,0.044491014000414,0.022245507000207,,
bank-marketing,16,Logistic Regression,0.9053585774990079,0.03313616400009778,0.0005977200007691863,0.00029886000038459315,,
bank-marketing,17,TabPFN (v2),0.9412695647123733,0.796223800000007,13.87052559499989,6.935262797499945,,
bank-marketing,17,CatBoost (Default),0.9310528404526139,5.430846693000603,0.00989826200020616,0.00494913100010308,,
bank-marketing,17,CatBoost (Tuned),0.9323377955880786,63.67578044400034,0.010903028000029735,0.005451514000014868,,
bank-marketing,17,XGBoost (Default),0.9209934082527514,0.10873595000066416,0.0027784710000560153,0.0013892355000280077,,
bank-marketing,17,XGBoost (Tuned),0.9220073370696248,2.64350286699937,0.005499498999597563,0.0027497494997987815,,
bank-marketing,17,LightGBM (Default),0.92619130586288,0.14831143299943506,0.010229562999484187,0.005114781499742094,,
bank-marketing,17,LightGBM (Tuned),0.9266268838749021,2.1574134239999694,0.011977295000178856,0.005988647500089428,,
bank-marketing,17,Random Forest,0.9190526662214092,0.5138153959996998,0.04472594799972285,0.022362973999861424,,
bank-marketing,17,Logistic Regression,0.9038969712808897,0.03666702800001076,0.0005338239998309291,0.00026691199991546455,,
bank-marketing,18,TabPFN (v2),0.932654799585717,0.843461649999881,13.915506886000003,6.957753443000001,,
bank-marketing,18,CatBoost (Default),0.9234471643871417,5.469582746000015,0.008572739999181067,0.0042863699995905336,,
bank-marketing,18,CatBoost (Tuned),0.9233043915943123,67.30833897299999,0.008390529000280367,0.004195264500140183,,
bank-marketing,18,XGBoost (Default),0.9138402493442132,0.10593112500009738,0.004166073000305914,0.002083036500152957,,
bank-marketing,18,XGBoost (Tuned),0.9167416828798481,3.0731144440005664,0.005796462000034808,0.002898231000017404,,
bank-marketing,18,LightGBM (Default),0.9212886333497885,0.15850022799986618,0.010462303999702272,0.005231151999851136,,
bank-marketing,18,LightGBM (Tuned),0.9221017123055628,2.721505800000159,0.014208632000190846,0.007104316000095423,,
bank-marketing,18,Random Forest,0.9096514407952687,0.5225777920004475,0.034226950000629586,0.017113475000314793,,
bank-marketing,18,Logistic Regression,0.8966203986022785,0.04121526500057371,0.000544638999599556,0.000272319499799778,,
bank-marketing,19,TabPFN (v2),0.9435563492754887,0.7878972530006649,13.865540552000311,6.932770276000156,,
bank-marketing,19,CatBoost (Default),0.931398882984387,5.513688445999833,0.008545093000066117,0.004272546500033059,,
bank-marketing,19,CatBoost (Tuned),0.9263631171898443,62.27506784099933,0.008910188999834645,0.0044550944999173225,,
bank-marketing,19,XGBoost (Default),0.909520767391662,0.10860100199988665,0.002882800999941537,0.0014414004999707686,,
bank-marketing,19,XGBoost (Tuned),0.9191131631675233,3.3966891750005743,0.007355062999522488,0.003677531499761244,,
bank-marketing,19,LightGBM (Default),0.9205505706071958,0.15227931200024614,0.0111770700004854,0.0055885350002427,,
bank-marketing,19,LightGBM (Tuned),0.9157785714977108,2.2758554739993997,0.011456903999714996,0.005728451999857498,,
bank-marketing,19,Random Forest,0.9102576201953325,0.5080846490000113,0.04482134299996687,0.022410671499983437,,
bank-marketing,19,Logistic Regression,0.9089206376862097,0.049585067000407435,0.0006697919998259749,0.00033489599991298746,,
bank-marketing,20,TabPFN (v2),0.9451099108517003,0.858284822999849,13.915005217000726,6.957502608500363,,
bank-marketing,20,CatBoost (Default),0.9359700322327729,5.498568740999872,0.009511376999398635,0.004755688499699318,,
bank-marketing,20,CatBoost (Tuned),0.9364951457250439,77.65658317799989,0.009133456999734335,0.0045667284998671676,,
bank-marketing,20,XGBoost (Default),0.9259952957574701,0.11205886599964288,0.002808068999911484,0.001404034499955742,,
bank-marketing,20,XGBoost (Tuned),0.9252862715490122,1.9533883559997776,0.0033137129994429415,0.0016568564997214708,,
bank-marketing,20,LightGBM (Default),0.9324491099689287,0.1612738170006196,0.010877921999963291,0.005438960999981646,,
bank-marketing,20,LightGBM (Tuned),0.9286547415086486,2.4433420310006113,0.009290373999647272,0.004645186999823636,,
bank-marketing,20,Random Forest,0.9170635266331756,0.4927387279994946,0.044354886999826704,0.022177443499913352,,
bank-marketing,20,Logistic Regression,0.9039090706701126,0.04088129000047047,0.0005880849994355231,0.00029404249971776153,,
bank-marketing,21,TabPFN (v2),0.9375502124652748,0.9678526809993855,13.847450389000187,6.9237251945000935,,
bank-marketing,21,CatBoost (Default),0.9287587962559649,5.4822493450001275,0.008197199000278488,0.004098599500139244,,
bank-marketing,21,CatBoost (Tuned),0.9272052346797532,64.89265410900043,0.008455766000224685,0.004227883000112342,,
bank-marketing,21,XGBoost (Default),0.9151494032581236,0.10932163200050127,0.0026853870003833435,0.0013426935001916718,,
bank-marketing,21,XGBoost (Tuned),0.9205578302407293,3.0254894019999483,0.007262427000569005,0.0036312135002845025,,
bank-marketing,21,LightGBM (Default),0.9197060332394421,0.15785331899951416,0.010102985999765224,0.005051492999882612,,
bank-marketing,21,LightGBM (Tuned),0.9191155830453678,2.067645318000359,0.008038637000026938,0.004019318500013469,,
bank-marketing,21,Random Forest,0.9223824181355325,0.5358360630007155,0.034413020000101824,0.017206510000050912,,
bank-marketing,21,Logistic Regression,0.9010100570123221,0.03783584700067877,0.0005909449992032023,0.00029547249960160116,,
bank-marketing,22,TabPFN (v2),0.9237206105835778,0.8300013730004139,13.883982692000245,6.941991346000123,,
bank-marketing,22,CatBoost (Default),0.9131796226926464,5.417634802000066,0.009174091000204498,0.004587045500102249,,
bank-marketing,22,CatBoost (Tuned),0.9153042754401759,66.03061811099997,0.009549504999995406,0.004774752499997703,,
bank-marketing,22,XGBoost (Default),0.9014165964902091,0.11174811599994428,0.0028535969995573396,0.0014267984997786698,,
bank-marketing,22,XGBoost (Tuned),0.9086762300239084,2.4613862669993978,0.0057185810001101345,0.0028592905000550672,,
bank-marketing,22,LightGBM (Default),0.9151082653347657,0.15930602800017368,0.011501650000354857,0.005750825000177429,,
bank-marketing,22,LightGBM (Tuned),0.9137894319094773,3.077151135999884,0.012902477000352519,0.0064512385001762595,,
bank-marketing,22,Random Forest,0.902517640909487,0.5224305530000493,0.044598869999390445,0.022299434999695222,,
bank-marketing,22,Logistic Regression,0.8888308118206194,0.03689444799965713,0.0006298730004345998,0.0003149365002172999,,
bank-marketing,23,TabPFN (v2),0.9431812682095808,0.8805597309992663,13.874053404999358,6.937026702499679,,
bank-marketing,23,CatBoost (Default),0.9301163477267667,5.422997790000409,0.00941584599968337,0.004707922999841685,,
bank-marketing,23,CatBoost (Tuned),0.9311326964214846,58.15151440699992,0.009386694000568241,0.0046933470002841204,,
bank-marketing,23,XGBoost (Default),0.909358635576076,0.10730601700015541,0.0028324360000624438,0.0014162180000312219,,
bank-marketing,23,XGBoost (Tuned),0.9237278702171113,2.426337848000003,0.002582636000624916,0.001291318000312458,,
bank-marketing,23,LightGBM (Default),0.9197060332394421,0.15273229800004628,0.010608413000227301,0.005304206500113651,,
bank-marketing,23,LightGBM (Tuned),0.9235028215775668,2.383090593999441,0.013741192999987106,0.006870596499993553,,
bank-marketing,23,Random Forest,0.921525781378556,0.4922452949995204,0.04436661700037803,0.022183308500189014,,
bank-marketing,23,Logistic Regression,0.9138426692220577,0.03546187900064979,0.0006203860002642614,0.0003101930001321307,,
bank-marketing,24,TabPFN (v2),0.9415067127411408,0.8200406200003272,13.860427117000654,6.930213558500327,,
bank-marketing,24,CatBoost (Default),0.929835641896797,5.503656952000711,0.009836842999902728,0.004918421499951364,,
bank-marketing,24,CatBoost (Tuned),0.9293782849841741,67.56770941100058,0.006767050999769708,0.003383525499884854,,
bank-marketing,24,XGBoost (Default),0.9184718955387133,0.1139393960002053,0.0028845349997936864,0.0014422674998968432,,
bank-marketing,24,XGBoost (Tuned),0.9250249247417991,2.980564663000223,0.0073378369997954,0.0036689184998977,,
bank-marketing,24,LightGBM (Default),0.9265421881503423,0.15634312000020145,0.009998117000577622,0.004999058500288811,,
bank-marketing,24,LightGBM (Tuned),0.9283909748235908,2.7439516469994487,0.015055318999657175,0.007527659499828587,,
bank-marketing,24,Random Forest,0.920632846453911,0.5060163360003571,0.03383898699939891,0.016919493499699456,,
bank-marketing,24,Logistic Regression,0.9106895683905878,0.032882753999729175,0.0005386019993238733,0.00026930099966193666,,
adult,0,TabPFN (v2),0.9177887496632376,0.80796126200039,12.461741767999229,6.230870883999614,,
adult,0,CatBoost (Default),0.9215336844825405,5.807938638999985,0.00888878699970519,0.004444393499852595,,
adult,0,CatBoost (Tuned),0.9245769165214235,74.0142376799995,0.008021491000363312,0.004010745500181656,,
adult,0,XGBoost (Default),0.9146596088608361,0.08994051399986347,0.0028572369992616586,0.0014286184996308293,,
adult,0,XGBoost (Tuned),0.9245349930448266,2.1030719029995453,0.0030588190002163174,0.0015294095001081587,,
adult,0,LightGBM (Default),0.9222133946194997,0.15047168500041153,0.010812639000505442,0.005406319500252721,,
adult,0,LightGBM (Tuned),0.9238346648046228,3.0277101140000013,0.00954105199980404,0.00477052599990202,,
adult,0,Random Forest,0.8997967055020095,0.4931791870003508,0.04506742299963662,0.02253371149981831,,
adult,0,Logistic Regression,0.9051237361102711,0.7281774869998117,0.000834385999951337,0.0004171929999756685,,
adult,1,TabPFN (v2),0.9054536257621825,0.9857047940004122,12.546788298000138,6.273394149000069,,
adult,1,CatBoost (Default),0.9112761781184193,5.769689037000717,0.008810210000774532,0.004405105000387266,,
adult,1,CatBoost (Tuned),0.9109043649899109,62.220990028000415,0.006953698999495828,0.003476849499747914,,
adult,1,XGBoost (Default),0.9033059066742176,0.08881071900032111,0.0028356539996821084,0.0014178269998410542,,
adult,1,XGBoost (Tuned),0.9125084534223301,1.8671824150005705,0.004096952000509191,0.0020484760002545954,,
adult,1,LightGBM (Default),0.9095772464110754,0.14989623800011032,0.01141478299996379,0.005707391499981895,,
adult,1,LightGBM (Tuned),0.9095772464110754,2.1668146799993337,0.010869924999497016,0.005434962499748508,,
adult,1,Random Forest,0.889869776059908,0.4694776839996848,0.04442591800034279,0.022212959000171395,,
adult,1,Logistic Regression,0.891332974120157,0.7720495049998135,0.0008629389994894154,0.0004314694997447077,,
adult,2,TabPFN (v2),0.9098055202118154,0.8940780670000095,12.498428624999178,6.249214312499589,,
adult,2,CatBoost (Default),0.9166464212232639,5.6208420420007315,0.009707442000035371,0.004853721000017686,,
adult,2,CatBoost (Tuned),0.9171021152713781,67.3614289090001,0.007413307999740937,0.0037066539998704684,,
adult,2,XGBoost (Default),0.9086100096217327,0.0887638149997656,0.0028487410008892766,0.0014243705004446383,,
adult,2,XGBoost (Tuned),0.9112357406881255,2.213487413000621,0.0019786480006587226,0.0009893240003293613,,
adult,2,LightGBM (Default),0.9139342180935243,0.14195208399996773,0.011237652000090748,0.005618826000045374,,
adult,2,LightGBM (Tuned),0.9160122927587196,2.2264705689995026,0.009707680999781587,0.004853840499890794,,
adult,2,Random Forest,0.8955417474768688,0.46480425500067213,0.0446808360002251,0.02234041800011255,,
adult,2,Logistic Regression,0.8975470758030578,1.091083262000211,0.0008440809997409815,0.00042204049987049075,,
adult,3,TabPFN (v2),0.9107471049015935,0.8488321830000132,12.561757389999912,6.280878694999956,,
adult,3,CatBoost (Default),0.9190964630180947,5.685023697000361,0.009453018000385782,0.004726509000192891,,
adult,3,CatBoost (Tuned),0.9174644743939749,60.11339738300012,0.009071929000128875,0.004535964500064438,,
adult,3,XGBoost (Default),0.9121135007597189,0.09096734899958392,0.002669724000043061,0.0013348620000215305,,
adult,3,XGBoost (Tuned),0.9163588672983245,2.26881698500074,0.0027802029999293154,0.0013901014999646577,,
adult,3,LightGBM (Default),0.914188830280046,0.13391939599932812,0.010928051999144373,0.005464025999572186,,
adult,3,LightGBM (Tuned),0.9156211096150072,2.4626293589999477,0.01233092900019983,0.006165464500099915,,
adult,3,Random Forest,0.896575980805947,0.49134739599958266,0.0448155569993105,0.02240777849965525,,
adult,3,Logistic Regression,0.8976211947144981,0.8403059800002666,0.000839027999973041,0.0004195139999865205,,
adult,4,TabPFN (v2),0.9201025586122744,0.8492247660005887,12.50639267400038,6.25319633700019,,
adult,4,CatBoost (Default),0.9206859018967579,5.910747253000409,0.008019447000151558,0.004009723500075779,,
adult,4,CatBoost (Tuned),0.9199584385066961,69.6266031920004,0.010384401000010257,0.0051922005000051286,,
adult,4,XGBoost (Default),0.9147467809744989,0.08797618100015825,0.0026142900005652336,0.0013071450002826168,,
adult,4,XGBoost (Tuned),0.923614971471082,2.5457829189999757,0.005900246999772207,0.0029501234998861037,,
adult,4,LightGBM (Default),0.9192742111483078,0.13656210099998134,0.010698446999413136,0.005349223499706568,,
adult,4,LightGBM (Tuned),0.9216144471484122,2.1477457109995157,0.009548328000164474,0.004774164000082237,,
adult,4,Random Forest,0.9071887108662443,0.4724249830005647,0.044638656000643095,0.022319328000321548,,
adult,4,Logistic Regression,0.9100374849531746,0.5517012620002788,0.0008737489997656667,0.00043687449988283333,,
adult,5,TabPFN (v2),0.9224291974334585,0.8519628190006188,12.518328161000682,6.259164080500341,,
adult,5,CatBoost (Default),0.9260071256164814,5.890992747999917,0.008692789999258821,0.0043463949996294104,,
adult,5,CatBoost (Tuned),0.9236978980531013,66.61808414699954,0.009517478999441664,0.004758739499720832,,
adult,5,XGBoost (Default),0.9149173351513918,0.08852829199986445,0.0026439250004841597,0.0013219625002420798,,
adult,5,XGBoost (Tuned),0.9238195448622436,2.242310914999507,0.00688844100022834,0.00344422050011417,,
adult,5,LightGBM (Default),0.9248312064614387,0.14690373099983844,0.010765989999526937,0.0053829949997634685,,
adult,5,LightGBM (Tuned),0.927894369333458,2.468381918999512,0.012547627999992983,0.0062738139999964915,,
adult,5,Random Forest,0.9053615315676906,0.5004301819999455,0.044635848000325495,0.022317924000162748,,
adult,5,Logistic Regression,0.9068474095415084,0.8625571239999772,0.0008848979996400885,0.00044244899982004426,,
adult,6,TabPFN (v2),0.906517519889597,0.9379212590001771,12.484125684999526,6.242062842499763,,
adult,6,CatBoost (Default),0.9130355895952804,5.932392211999286,0.008224573000006785,0.004112286500003393,,
adult,6,CatBoost (Tuned),0.9128871392519202,61.73311505899983,0.007032421000076283,0.0035162105000381416,,
adult,6,XGBoost (Default),0.9096061117556176,0.08613264599989634,0.0026736930003607995,0.0013368465001803997,,
adult,6,XGBoost (Tuned),0.9133331775521087,2.501841123000304,0.002511734000108845,0.0012558670000544225,,
adult,6,LightGBM (Default),0.9135400458546616,0.13230457099962223,0.010657181000169658,0.005328590500084829,,
adult,6,LightGBM (Tuned),0.9127002017825038,2.5018229270008305,0.009728019000249333,0.004864009500124666,,
adult,6,Random Forest,0.8953775587066126,0.489965922999545,0.044780240999898524,0.022390120499949262,,
adult,6,Logistic Regression,0.8964792526899751,0.5250795989995822,0.0009253120006178506,0.0004626560003089253,,
adult,7,TabPFN (v2),0.9143432446788798,0.9230428509999911,12.506709878999573,6.253354939499786,,
adult,7,CatBoost (Default),0.9222780859202893,5.805849172999842,0.008686662999934924,0.004343331499967462,,
adult,7,CatBoost (Tuned),0.9213399326615965,71.13759538900013,0.009900873999868054,0.004950436999934027,,
adult,7,XGBoost (Default),0.9210523787366568,0.09207459899971582,0.0029994019996593124,0.0014997009998296562,,
adult,7,XGBoost (Tuned),0.9267094360237125,2.1197324579998167,0.005081141999653482,0.002540570999826741,,
adult,7,LightGBM (Default),0.9232478083449658,0.13927701400007209,0.010817166000379075,0.005408583000189537,,
adult,7,LightGBM (Tuned),0.9227262308200159,2.6457905580000443,0.015047794000565773,0.0075238970002828864,,
adult,7,Random Forest,0.9034422744074262,0.48685862599995744,0.0451313379999192,0.0225656689999596,,
adult,7,Logistic Regression,0.8985668971215782,0.8588564470001074,0.0009430760001123417,0.00047153800005617086,,
adult,8,TabPFN (v2),0.9020340150900614,0.8912449869994816,12.516928410000219,6.258464205000109,,
adult,8,CatBoost (Default),0.9092111963478592,5.805447519999689,0.008855703999870457,0.004427851999935228,,
adult,8,CatBoost (Tuned),0.906626642454489,85.52146865800023,0.0100055879993306,0.0050027939996653,,
adult,8,XGBoost (Default),0.9049699475265558,0.09212400399974285,0.002637253000102646,0.001318626500051323,,
adult,8,XGBoost (Tuned),0.9067975277225317,2.383338614999957,0.00647555200066563,0.003237776000332815,,
adult,8,LightGBM (Default),0.904328956199841,0.13917911000044114,0.011127889000817959,0.005563944500408979,,
adult,8,LightGBM (Tuned),0.9044627820121637,2.336199375000433,0.008008576999600336,0.004004288499800168,,
adult,8,Random Forest,0.8914171673124619,0.4701180120000572,0.04414724399975967,0.022073621999879833,,
adult,8,Logistic Regression,0.8906553896115483,0.6867944820005505,0.0008650869995108224,0.0004325434997554112,,
adult,9,TabPFN (v2),0.9151791412912338,0.8490346699991278,12.533640061999904,6.266820030999952,,
adult,9,CatBoost (Default),0.9216068980000247,5.815716090999558,0.008427408999523323,0.004213704499761661,,
adult,9,CatBoost (Tuned),0.920132068919607,75.9530603940002,0.0060109219994046725,0.0030054609997023363,,
adult,9,XGBoost (Default),0.9064207565893772,0.09054054400075984,0.0028142020000814227,0.0014071010000407114,,
adult,9,XGBoost (Tuned),0.9175914373441272,2.200474535000467,0.003031017000466818,0.001515508500233409,,
adult,9,LightGBM (Default),0.9211045364891519,0.13963053999941621,0.011712165998687851,0.005856082999343926,,
adult,9,LightGBM (Tuned),0.9214490521701056,1.8741004219991737,0.009472764000747702,0.004736382000373851,,
adult,9,Random Forest,0.8969150061971646,0.49589643599938427,0.045328736001465586,0.022664368000732793,,
adult,9,Logistic Regression,0.9060062397142853,0.6257856629999878,0.0008019340002647368,0.0004009670001323684,,
adult,10,TabPFN (v2),0.9113641486922625,0.7937780510001176,12.464998638999532,6.232499319499766,,
adult,10,CatBoost (Default),0.9171165994974679,5.909273830000529,0.009767147999809822,0.004883573999904911,,
adult,10,CatBoost (Tuned),0.9184512780474932,80.9678719579988,0.00771388199973444,0.00385694099986722,,
adult,10,XGBoost (Default),0.9081807135513171,0.09099479900032748,0.002823135000653565,0.0014115675003267825,,
adult,10,XGBoost (Tuned),0.9142754248703809,2.7205922230004944,0.004132142999878852,0.002066071499939426,,
adult,10,LightGBM (Default),0.9178588512142689,0.14600930000051449,0.011773959999118233,0.0058869799995591165,,
adult,10,LightGBM (Tuned),0.918616910143557,2.422463147999224,0.014833481000096072,0.007416740500048036,,
adult,10,Random Forest,0.8999719593795875,0.48515854499964917,0.045650172000023304,0.022825086000011652,,
adult,10,Logistic Regression,0.9011238240808449,0.39365464900038205,0.0009173389989882708,0.0004586694994941354,,
adult,11,TabPFN (v2),0.9065422616134904,0.8801963049991173,12.525556201000654,6.262778100500327,,
adult,11,CatBoost (Default),0.9117985034006124,5.767889275000925,0.010171038999033044,0.005085519499516522,,
adult,11,CatBoost (Tuned),0.9112651817966889,62.48053749599967,0.0064313999992009485,0.0032156999996004743,,
adult,11,XGBoost (Default),0.900135529665327,0.08636990800005151,0.002605177000077674,0.001302588500038837,,
adult,11,XGBoost (Tuned),0.9111923311652252,2.061366916001134,0.0041148429991153535,0.0020574214995576767,,
adult,11,LightGBM (Default),0.9076611373495567,0.13662550500157522,0.018553293999502785,0.009276646999751392,,
adult,11,LightGBM (Tuned),0.9092418585982988,2.4503412319991185,0.007845801999792457,0.003922900999896228,,
adult,11,Random Forest,0.8912580616783686,0.4946791660004237,0.04476213300040399,0.022381066500201996,,
adult,11,Logistic Regression,0.895475838332078,0.6177035769997019,0.0008310900011565536,0.0004155450005782768,,
adult,12,TabPFN (v2),0.9147673695610102,0.8527395819983212,12.496290609000425,6.248145304500213,,
adult,12,CatBoost (Default),0.921613760862195,5.964076399000987,0.0094520510010625,0.00472602550053125,,
adult,12,CatBoost (Tuned),0.9223302436727842,67.95797201099958,0.00768843199875846,0.0038442159993792298,,
adult,12,XGBoost (Default),0.9177424203118759,0.09759131400096521,0.0026018240005214466,0.0013009120002607233,,
adult,12,XGBoost (Tuned),0.924574399602503,2.3441160090005724,0.005638836000798619,0.0028194180003993097,,
adult,12,LightGBM (Default),0.9208375711507236,0.14128827300010016,0.01087655000083032,0.00543827500041516,,
adult,12,LightGBM (Tuned),0.9226740730675209,2.162627469999279,0.013473599999997532,0.006736799999998766,,
adult,12,Random Forest,0.9019784259064811,0.43547484900045674,0.04453443300008075,0.022267216500040377,,
adult,12,Logistic Regression,0.9034834515804484,1.0005687270004273,0.0008920459986256901,0.00044602299931284506,,
adult,13,TabPFN (v2),0.9114471168429735,0.8191170039990538,12.510328030999517,6.2551640154997585,,
adult,13,CatBoost (Default),0.9181837023494323,5.74037331100044,0.009792939999897499,0.004896469999948749,,
adult,13,CatBoost (Tuned),0.9165235759904139,67.03407956900082,0.007738034000794869,0.003869017000397434,,
adult,13,XGBoost (Default),0.9138271574436662,0.09024089599915897,0.003014451000126428,0.001507225500063214,,
adult,13,XGBoost (Tuned),0.9182502721124851,2.466081041000507,0.005260916001134319,0.0026304580005671596,,
adult,13,LightGBM (Default),0.9149204113874099,0.1419979020010942,0.011623755999607965,0.005811877999803983,,
adult,13,LightGBM (Tuned),0.9174383955177274,2.668433852999442,0.016720071000236203,0.008360035500118101,,
adult,13,Random Forest,0.8990596506254126,0.46711162100109505,0.0443895380012691,0.02219476900063455,,
adult,13,Logistic Regression,0.8989772962793678,0.5787896050005656,0.0008100510003714589,0.00040502550018572947,,
adult,14,TabPFN (v2),0.9191719545019691,0.8299827060000098,12.499220529000013,6.2496102645000065,,
adult,14,CatBoost (Default),0.9281170090548604,5.95865653600049,0.009641396000006353,0.004820698000003176,,
adult,14,CatBoost (Tuned),0.9262667814137222,63.08854157799942,0.00701410500005295,0.003507052500026475,,
adult,14,XGBoost (Default),0.9235950691707879,0.09202152799844043,0.0026439970006322255,0.0013219985003161128,,
adult,14,XGBoost (Tuned),0.9238524265021776,2.1487171560002025,0.00202645500030485,0.001013227500152425,,
adult,14,LightGBM (Default),0.9255001997092891,0.14127203300085966,0.011158541999975569,0.005579270999987784,,
adult,14,LightGBM (Tuned),0.921980237702094,3.2123422770000616,0.021688656001060735,0.010844328000530368,,
adult,14,Random Forest,0.9098851294129919,0.48640414599867654,0.045306748999792035,0.022653374499896017,,
adult,14,Logistic Regression,0.900684776387362,0.5656392760010931,0.0009052499990502838,0.0004526249995251419,,
adult,15,TabPFN (v2),0.9082700586653764,0.9004296490002162,12.517336811999485,6.258668405999742,,
adult,15,CatBoost (Default),0.9155743653747822,5.935542774999703,0.00975061899953289,0.004875309499766445,,
adult,15,CatBoost (Tuned),0.9158114735620935,57.418113724999785,0.006516139999803272,0.003258069999901636,,
adult,15,XGBoost (Default),0.9084116363076552,0.08979846699912741,0.0027403939984651515,0.0013701969992325758,,
adult,15,XGBoost (Tuned),0.9159358694516685,2.825108707000254,0.006223234999197302,0.003111617499598651,,
adult,15,LightGBM (Default),0.9122383562698276,0.15014640600020357,0.011262542999247671,0.0056312714996238356,,
adult,15,LightGBM (Tuned),0.9149434514155015,2.2237830280009803,0.012241820000781445,0.006120910000390722,,
adult,15,Random Forest,0.8942779265335745,0.4913073439984146,0.04459712300013052,0.02229856150006526,,
adult,15,Logistic Regression,0.8961149995326564,0.511845691000417,0.0008955330013122875,0.00044776650065614376,,
adult,16,TabPFN (v2),0.9142946684334091,0.9043603850004729,12.509232635000444,6.254616317500222,,
adult,16,CatBoost (Default),0.9174080020233232,5.995687294998788,0.008469648999380297,0.0042348244996901485,,
adult,16,CatBoost (Tuned),0.9185131323572264,61.52216562000103,0.00752908499998739,0.003764542499993695,,
adult,16,XGBoost (Default),0.9029162245228971,0.1013326579995919,0.0028131330000178423,0.0014065665000089211,,
adult,16,XGBoost (Tuned),0.9179000874207578,2.3021051559990156,0.0032711380008549895,0.0016355690004274948,,
adult,16,LightGBM (Default),0.9130177205724684,0.14001857999937783,0.011650350999843795,0.005825175499921897,,
adult,16,LightGBM (Tuned),0.9167193573749581,2.140528677000475,0.011237171998800477,0.0056185859994002385,,
adult,16,Random Forest,0.8991073735835363,0.49424081100005424,0.04477179399873421,0.022385896999367105,,
adult,16,Logistic Regression,0.8974716707261421,0.7606858439994539,0.003912481999577722,0.001956240999788861,,
adult,17,TabPFN (v2),0.9084151043360935,0.8519423880006798,12.51236685999902,6.25618342999951,,
adult,17,CatBoost (Default),0.9185227277406497,5.940623227001197,0.00954119800007902,0.00477059900003951,,
adult,17,CatBoost (Tuned),0.9158860160947844,65.74580049599899,0.00976589700076147,0.004882948500380735,,
adult,17,XGBoost (Default),0.9093614930293908,0.0863495920002606,0.0026627340012055356,0.0013313670006027678,,
adult,17,XGBoost (Tuned),0.9143343229580584,2.1122734420005145,0.0024329850002686726,0.0012164925001343363,,
adult,17,LightGBM (Default),0.9140598084712426,0.1385092770015035,0.010877683998842258,0.005438841999421129,,
adult,17,LightGBM (Tuned),0.9140309844501269,2.0934014720005507,0.011833605998617713,0.005916802999308857,,
adult,17,Random Forest,0.8949035012950222,0.4854699960014841,0.045177050998972845,0.022588525499486423,,
adult,17,Logistic Regression,0.8928830746720582,1.0132984550000401,0.0008275189993582899,0.00041375949967914494,,
adult,18,TabPFN (v2),0.9241255684165594,0.7818827680002869,12.516256846000033,6.2581284230000165,,
adult,18,CatBoost (Default),0.9296021324285335,5.757734286999039,0.008397354000408086,0.004198677000204043,,
adult,18,CatBoost (Tuned),0.9296556627534627,67.50596614799906,0.007222087999252835,0.0036110439996264176,,
adult,18,XGBoost (Default),0.9196043148187037,0.09165647299960256,0.0026374310000392143,0.0013187155000196071,,
adult,18,XGBoost (Tuned),0.9277862190982473,2.6019570930002374,0.0054485830005432945,0.0027242915002716472,,
adult,18,LightGBM (Default),0.9252606858195426,0.13545694700042077,0.01082394600052794,0.00541197300026397,,
adult,18,LightGBM (Tuned),0.9285143687745261,2.4131248960002267,0.008091308000075514,0.004045654000037757,,
adult,18,Random Forest,0.9089366818610435,0.47315004500160285,0.04414613399967493,0.022073066999837465,,
adult,18,Logistic Regression,0.9112371132605596,0.4579194029993232,0.0009028469994518673,0.00045142349972593365,,
adult,19,TabPFN (v2),0.9076245026140642,0.8301534510010242,12.521713359999922,6.260856679999961,,
adult,19,CatBoost (Default),0.9159752333029995,5.6907419609997305,0.009816224999667611,0.0049081124998338055,,
adult,19,CatBoost (Tuned),0.9154701266472586,68.24036607200105,0.007682347999434569,0.0038411739997172845,,
adult,19,XGBoost (Default),0.9139150020794472,0.08944467900073505,0.0025803709995670943,0.0012901854997835471,,
adult,19,XGBoost (Tuned),0.9163581810121075,2.705262525998478,0.003001024999321089,0.0015005124996605446,,
adult,19,LightGBM (Default),0.9141689279797518,0.14864057999875513,0.011075447999246535,0.0055377239996232674,,
adult,19,LightGBM (Tuned),0.9138003922812017,2.221122478000325,0.015256906999638886,0.007628453499819443,,
adult,19,Random Forest,0.8986025840048644,0.45339400700140686,0.0447381520007184,0.0223690760003592,,
adult,19,Logistic Regression,0.9025308863111978,0.549737728000764,0.0008866740008670604,0.0004433370004335302,,
adult,20,TabPFN (v2),0.9028529956729474,0.8405295579996164,12.499365517000115,6.249682758500057,,
adult,20,CatBoost (Default),0.9084226326293856,5.938287345001299,0.009354546000395203,0.0046772730001976015,,
adult,20,CatBoost (Tuned),0.9110548771435955,79.9927604149998,0.010981142000673572,0.005490571000336786,,
adult,20,XGBoost (Default),0.9039402569840389,0.09260574200015981,0.0029039520013611764,0.0014519760006805882,,
adult,20,XGBoost (Tuned),0.9112672436070134,1.681401953999739,0.004060015000504791,0.0020300075002523954,,
adult,20,LightGBM (Default),0.9097112640821645,0.13798711100025685,0.011266790001172922,0.005633395000586461,,
adult,20,LightGBM (Tuned),0.9076302101946899,2.4355237480012875,0.016580011999394628,0.008290005999697314,,
adult,20,Random Forest,0.8890443646600212,0.4645902030006255,0.044023183998433524,0.022011591999216762,,
adult,20,Logistic Regression,0.8909027430324556,0.5547650759999669,0.0008032339992496418,0.0004016169996248209,,
adult,21,TabPFN (v2),0.9096514715827556,0.8432352489999175,12.481808157001069,6.2409040785005345,,
adult,21,CatBoost (Default),0.9161406759438968,5.846041230999617,0.009616782001103275,0.004808391000551637,,
adult,21,CatBoost (Tuned),0.91684856415529,67.81502616399848,0.009082790998945711,0.004541395499472856,,
adult,21,XGBoost (Default),0.9059415875389681,0.09324841799934802,0.002830954999808455,0.0014154774999042274,,
adult,21,XGBoost (Tuned),0.9136369509399105,2.4180814280007326,0.002094266999847605,0.0010471334999238024,,
adult,21,LightGBM (Default),0.9120033098928408,0.1465918199992302,0.011749072999009513,0.005874536499504757,,
adult,21,LightGBM (Tuned),0.914225254152486,1.883668039999975,0.009902492998662638,0.004951246499331319,,
adult,21,Random Forest,0.8935233039548272,0.5009283409999625,0.04523410500041791,0.022617052500208956,,
adult,21,Logistic Regression,0.89975203294498,0.7821938260003662,0.000929679001274053,0.0004648395006370265,,
adult,22,TabPFN (v2),0.9161742563059408,0.8731597670011979,12.489217017000556,6.244608508500278,,
adult,22,CatBoost (Default),0.9209727695354804,5.8579993920011475,0.008878762000676943,0.0044393810003384715,,
adult,22,CatBoost (Tuned),0.921123752503229,68.17134995599918,0.0080191310007649,0.00400956550038245,,
adult,22,XGBoost (Default),0.9102818028464406,0.09725898299984692,0.002629865999551839,0.0013149329997759196,,
adult,22,XGBoost (Tuned),0.9219342565255526,1.9881768420000299,0.0031558600003336323,0.0015779300001668162,,
adult,22,LightGBM (Default),0.9175475150262367,0.1343222119994607,0.01072937900062243,0.005364689500311215,,
adult,22,LightGBM (Tuned),0.9168962294062664,2.9013646629991854,0.011993873000392341,0.0059969365001961705,,
adult,22,Random Forest,0.905860060750056,0.4519574170008127,0.05643949099976453,0.028219745499882265,,
adult,22,Logistic Regression,0.9024444142478509,0.6998476049993769,0.000860041998748784,0.000430020999374392,,
adult,23,TabPFN (v2),0.9169374065792887,0.8202604850011994,12.51039559900164,6.25519779950082,,
adult,23,CatBoost (Default),0.9231867288716494,5.852885147000052,0.009250332999727107,0.004625166499863553,,
adult,23,CatBoost (Tuned),0.9220694549103093,61.73282534200007,0.007466143000783632,0.003733071500391816,,
adult,23,XGBoost (Default),0.9149485491223085,0.09234414499951527,0.003120893001323566,0.001560446500661783,,
adult,23,XGBoost (Tuned),0.9249559747391769,2.480513090000386,0.007065994999720715,0.0035329974998603575,,
adult,23,LightGBM (Default),0.9211964988422351,0.1370259029990848,0.010602527001537965,0.005301263500768982,,
adult,23,LightGBM (Tuned),0.9224867169302692,2.2480669189990294,0.013594128000477212,0.006797064000238606,,
adult,23,Random Forest,0.9094863971208921,0.504631085001165,0.04482635000022128,0.02241317500011064,,
adult,23,Logistic Regression,0.9019022481363896,0.8678157350004767,0.0009305250005127164,0.0004652625002563582,,
adult,24,TabPFN (v2),0.9126769417439081,0.834160824000719,12.518038120999336,6.259019060499668,,
adult,24,CatBoost (Default),0.9227770160000769,5.942876426999646,0.009757027999512502,0.004878513999756251,,
adult,24,CatBoost (Tuned),0.9199646150826495,73.35245662099987,0.008290376999866567,0.004145188499933283,,
adult,24,XGBoost (Default),0.9118774183010574,0.0897799419999501,0.0026099820006493246,0.0013049910003246623,,
adult,24,XGBoost (Tuned),0.9165146542695924,2.3406624759991246,0.005799553000542801,0.0028997765002714004,,
adult,24,LightGBM (Default),0.9197257874791197,0.1398275530009414,0.01119040499906987,0.005595202499534935,,
adult,24,LightGBM (Tuned),0.9216679774733413,2.469805296001141,0.00972185300088313,0.004860926500441565,,
adult,24,Random Forest,0.8992682816353927,0.5050021690003632,0.04384947300059139,0.021924736500295694,,
adult,24,Logistic Regression,0.9003059463955562,0.7660254510010418,0.0007671509993087966,0.0003835754996543983,,
